step,clock,weekday,hour,minute,outdoor_temp_c,outdoor_rh_pct,solar_w_m2,occupied,control_source,decision_id,hvac_cooling_elec_w,hvac_heating_elec_w,fan_elec_w,lights_elec_w,equip_elec_w,total_elec_w,cum_kwh,cum_hvac_kwh,cum_cost_inr,cum_carbon_kg,peak_demand_w,grid_carbon_g_kwh,grid_tariff_inr_kwh,grid_peak_window,comfort_violation,guardrail_actions,OFFICE_temp_c,OFFICE_rh_pct,OFFICE_co2_ppm,OFFICE_occupants,OFFICE_pmv,OFFICE_pmv_limit,OFFICE_cooling_sp_c,OFFICE_heating_sp_c,OFFICE_cooling_w,PROD_HALL_temp_c,PROD_HALL_rh_pct,PROD_HALL_co2_ppm,PROD_HALL_occupants,PROD_HALL_pmv,PROD_HALL_pmv_limit,PROD_HALL_cooling_sp_c,PROD_HALL_heating_sp_c,PROD_HALL_cooling_w,PACK_STORE_temp_c,PACK_STORE_rh_pct,PACK_STORE_co2_ppm,PACK_STORE_occupants,PACK_STORE_pmv,PACK_STORE_pmv_limit,PACK_STORE_cooling_sp_c,PACK_STORE_heating_sp_c,PACK_STORE_cooling_w
0,05-12 00:00,2,0,0,30.55,81.0,0.0,0,baseline,1,8605.5,0.0,1950.0,112.0,492.0,11159.5,2.7899,2.6389,18.134,1.9808,11159.5,710.0,6.5,0,0,0,24.0,48.2,474.6,0.0,0.0,0.8,24.0,21.0,7715.9,24.0,56.4,421.5,0.0,0.0,1.5,24.0,21.0,12336.8,24.0,54.0,443.3,0.0,0.0,1.1,24.0,21.0,7485.0
1,05-12 00:15,2,0,15,30.7,79.0,0.0,0,baseline,2,210.8,0.0,137.5,112.0,492.0,952.3,3.0279,2.7259,19.682,2.1498,11159.5,710.0,6.5,0,0,0,27.95,39.3,469.0,0.0,0.944,0.8,30.0,16.0,674.4,27.88,50.3,421.2,0.0,1.494,1.5,30.0,16.0,0.0,27.8,44.1,440.6,0.0,1.344,1.1,30.0,16.0,0.0
2,05-12 00:30,2,0,30,30.85,77.0,0.0,0,baseline,3,1693.7,0.0,506.0,112.0,492.0,2803.8,3.7289,3.2759,24.238,2.6475,11159.5,710.0,6.5,0,0,0,29.45,41.3,466.5,0.0,1.352,0.8,30.0,16.0,1079.0,29.34,53.4,421.1,0.0,1.804,1.5,30.0,16.0,2759.0,29.27,45.9,439.4,0.0,1.629,1.1,30.0,16.0,1582.0
3,05-12 00:45,2,0,45,31.0,75.0,0.0,0,baseline,4,1235.3,0.0,487.5,112.0,492.0,2326.8,4.3106,3.7066,28.019,3.0605,11159.5,710.0,6.5,0,0,0,30.0,42.4,464.9,0.0,1.509,0.8,30.0,16.0,1165.2,29.97,54.6,421.0,0.0,1.944,1.5,30.0,16.0,1460.9,29.94,46.9,438.7,0.0,1.764,1.1,30.0,16.0,1326.9
4,05-12 01:00,2,1,0,30.75,76.0,0.0,0,baseline,5,1523.6,0.0,492.1,112.0,492.0,2619.6,4.9655,4.2105,32.276,3.5222,11159.5,705.0,6.5,0,0,0,30.0,43.4,463.0,0.0,1.529,0.8,30.0,16.0,1497.5,30.0,55.8,420.9,0.0,1.967,1.5,30.0,16.0,1964.7,30.0,47.8,437.8,0.0,1.789,1.1,30.0,16.0,1413.2
5,05-12 01:15,2,1,15,30.5,77.0,0.0,0,baseline,6,1264.9,0.0,487.5,112.0,492.0,2356.4,5.5546,4.6486,36.105,3.9376,11159.5,705.0,6.5,0,0,0,30.0,44.9,458.8,0.0,1.543,0.8,30.0,16.0,1339.6,30.0,58.0,420.7,0.0,1.982,1.5,30.0,16.0,1484.5,30.0,49.3,435.8,0.0,1.8,1.1,30.0,16.0,1223.6
6,05-12 01:30,2,1,30,30.25,78.0,0.0,0,baseline,7,1347.0,0.0,487.5,112.0,492.0,2438.5,6.1642,5.1072,40.067,4.3673,11159.5,705.0,6.5,0,0,0,30.0,46.3,454.6,0.0,1.553,0.8,30.0,16.0,1426.6,30.0,59.8,420.5,0.0,1.994,1.5,30.0,16.0,1599.5,30.0,50.5,433.8,0.0,1.808,1.1,30.0,16.0,1284.2
7,05-12 01:45,2,1,45,30.0,79.0,0.0,0,baseline,8,1315.4,0.0,487.5,112.0,492.0,2406.9,6.7659,5.5579,43.979,4.7915,11159.5,705.0,6.5,0,0,0,30.0,47.4,450.9,0.0,1.56,0.8,30.0,16.0,1413.6,30.0,61.4,420.4,0.0,2.003,1.5,30.0,16.0,1521.7,30.0,51.5,432.1,0.0,1.815,1.1,30.0,16.0,1273.9
8,05-12 02:00,2,2,0,29.7,79.8,0.0,0,baseline,9,1268.2,0.0,487.5,112.0,492.0,2359.7,7.3559,5.9969,47.813,5.2045,11159.5,700.0,6.5,0,0,0,30.0,48.3,447.6,0.0,1.565,0.8,30.0,16.0,1391.4,30.0,62.7,420.3,0.0,2.011,1.5,30.0,16.0,1422.8,30.0,52.4,430.6,0.0,1.819,1.1,30.0,16.0,1244.0
9,05-12 02:15,2,2,15,29.4,80.5,0.0,0,baseline,10,1200.5,0.0,487.5,112.0,492.0,2292.0,7.9289,6.4189,51.538,5.6056,11159.5,700.0,6.5,0,0,0,30.0,49.1,444.7,0.0,1.567,0.8,30.0,16.0,1352.7,30.0,63.7,420.2,0.0,2.016,1.5,30.0,16.0,1290.0,30.0,53.2,429.3,0.0,1.822,1.1,30.0,16.0,1198.9
10,05-12 02:30,2,2,30,29.1,81.2,0.0,0,baseline,11,1128.0,0.0,487.5,112.0,492.0,2219.5,8.4837,6.8227,55.144,5.994,11159.5,700.0,6.5,0,0,0,30.0,49.7,442.1,0.0,1.567,0.8,30.0,16.0,1308.1,30.0,64.7,420.2,0.0,2.021,1.5,30.0,16.0,1152.4,30.0,53.8,428.2,0.0,1.823,1.1,30.0,16.0,1149.1
11,05-12 02:45,2,2,45,28.8,82.0,0.0,0,baseline,12,1051.6,0.0,487.5,112.0,492.0,2143.1,9.0195,7.2075,58.627,6.369,11159.5,700.0,6.5,0,0,0,30.0,50.3,439.7,0.0,1.567,0.8,30.0,16.0,1258.8,30.0,65.7,420.1,0.0,2.025,1.5,30.0,16.0,1010.6,30.0,54.3,427.2,0.0,1.824,1.1,30.0,16.0,1095.6
12,05-12 03:00,2,3,0,28.85,82.5,0.0,0,baseline,13,972.0,0.0,487.5,112.0,492.0,2063.5,9.5354,7.5724,61.98,6.7302,11159.5,700.0,6.5,0,0,0,30.0,50.8,437.6,0.0,1.565,0.8,30.0,16.0,1206.0,30.0,66.6,420.1,0.0,2.028,1.5,30.0,16.0,865.3,30.0,54.8,426.3,0.0,1.824,1.1,30.0,16.0,1039.2
13,05-12 03:15,2,3,15,28.9,83.0,0.0,0,baseline,14,958.8,0.0,487.5,112.0,492.0,2050.3,10.048,7.934,65.312,7.089,11159.5,700.0,6.5,0,0,0,30.0,51.4,435.7,0.0,1.566,0.8,30.0,16.0,1193.4,30.0,67.6,420.1,0.0,2.033,1.5,30.0,16.0,850.7,30.0,55.4,425.5,0.0,1.825,1.1,30.0,16.0,1024.1
14,05-12 03:30,2,3,30,28.95,83.5,0.0,0,baseline,15,944.4,0.0,487.5,112.0,492.0,2035.9,10.557,8.292,68.62,7.4453,11159.5,700.0,6.5,0,0,0,30.0,52.0,434.0,0.0,1.566,0.8,30.0,16.0,1179.2,30.0,68.6,420.1,0.0,2.038,1.5,30.0,16.0,835.3,30.0,56.1,424.8,0.0,1.826,1.1,30.0,16.0,1007.7
15,05-12 03:45,2,3,45,29.0,84.0,0.0,0,baseline,16,929.3,0.0,487.5,112.0,492.0,2020.8,11.0622,8.6462,71.904,7.7989,11159.5,700.0,6.5,0,0,0,30.0,52.6,432.5,0.0,1.566,0.8,30.0,16.0,1164.0,30.0,69.5,420.0,0.0,2.042,1.5,30.0,16.0,819.5,30.0,56.7,424.2,0.0,1.827,1.1,30.0,16.0,990.3
16,05-12 04:00,2,4,0,28.75,85.2,0.0,0,baseline,17,913.7,0.0,487.5,112.0,492.0,2005.2,11.5635,8.9965,75.162,8.1448,11159.5,690.0,6.5,0,0,0,30.0,53.2,431.1,0.0,1.566,0.8,30.0,16.0,1148.0,30.0,70.4,420.0,0.0,2.046,1.5,30.0,16.0,803.7,30.0,57.4,423.7,0.0,1.828,1.1,30.0,16.0,972.1
17,05-12 04:15,2,4,15,28.5,86.5,0.0,0,baseline,18,845.5,0.0,487.5,112.0,492.0,1937.0,12.0477,9.3297,78.31,8.4789,11159.5,690.0,6.5,0,0,0,30.0,53.7,429.9,0.0,1.565,0.8,30.0,16.0,1097.5,30.0,71.3,420.0,0.0,2.049,1.5,30.0,16.0,687.8,30.0,58.0,423.2,0.0,1.829,1.1,30.0,16.0,920.1
18,05-12 04:30,2,4,30,28.25,87.8,0.0,0,baseline,19,775.6,0.0,487.5,112.0,492.0,1867.1,12.5145,9.6455,81.344,8.801,11159.5,690.0,6.5,0,0,0,30.0,54.3,428.8,0.0,1.563,0.8,30.0,16.0,1045.4,30.0,72.1,420.0,0.0,2.052,1.5,30.0,16.0,569.7,30.0,58.6,422.8,0.0,1.829,1.1,30.0,16.0,866.9
19,05-12 04:45,2,4,45,28.0,89.0,0.0,0,baseline,20,703.5,0.0,487.5,112.0,492.0,1795.0,12.9632,9.9432,84.261,9.1106,11159.5,690.0,6.5,0,0,0,30.0,54.8,427.8,0.0,1.562,0.8,30.0,16.0,991.8,30.0,73.1,420.0,0.0,2.056,1.5,30.0,16.0,449.3,30.0,59.2,422.5,0.0,1.83,1.1,30.0,16.0,810.0
20,05-12 05:00,2,5,0,28.15,87.5,0.0,0,baseline,21,625.4,0.0,487.5,112.0,492.0,1716.9,13.3924,10.2214,87.051,9.3939,11159.5,660.0,6.5,0,0,0,30.0,55.4,427.0,0.0,1.56,0.8,30.0,16.0,936.9,30.0,74.1,420.0,0.0,2.06,1.5,30.0,16.0,326.8,30.0,59.9,422.1,0.0,1.831,1.1,30.0,16.0,737.5
21,05-12 05:15,2,5,15,28.3,86.0,0.0,0,baseline,22,592.5,0.0,487.5,112.0,492.0,1684.0,13.8134,10.4914,89.787,9.6718,11159.5,660.0,6.5,0,0,0,30.0,55.9,426.2,0.0,1.559,0.8,30.0,16.0,911.3,30.0,74.9,420.0,0.0,2.063,1.5,30.0,16.0,282.9,30.0,60.5,421.9,0.0,1.831,1.1,30.0,16.0,701.6
22,05-12 05:30,2,5,30,28.45,84.5,0.0,0,baseline,23,561.8,0.0,487.5,112.0,492.0,1653.3,14.2267,10.7537,92.474,9.9446,11159.5,660.0,6.5,0,0,0,30.0,56.3,425.5,0.0,1.558,0.8,30.0,16.0,885.6,30.0,75.6,420.0,0.0,2.065,1.5,30.0,16.0,246.5,30.0,61.1,421.6,0.0,1.832,1.1,30.0,16.0,665.5
23,05-12 05:45,2,5,45,28.6,83.0,83.5,0,baseline,24,543.6,0.0,487.5,112.0,492.0,1635.1,14.6355,11.0115,95.131,10.2143,11159.5,660.0,6.5,0,0,0,30.0,56.7,424.9,0.0,1.555,0.8,30.0,16.0,860.0,30.0,75.9,420.0,0.0,2.065,1.5,30.0,16.0,250.4,30.0,61.6,421.4,0.0,1.831,1.1,30.0,16.0,629.1
24,05-12 06:00,2,6,0,28.7,84.5,125.2,0,baseline,25,534.1,0.0,487.5,112.0,492.0,1625.6,15.0419,11.2669,97.773,10.4582,11159.5,600.0,6.5,0,0,6,30.0,56.9,424.3,0.0,1.556,0.8,30.0,16.0,854.2,30.0,76.1,420.0,0.0,2.064,1.5,30.0,16.0,259.3,30.0,62.0,421.2,0.0,1.831,1.1,30.0,16.0,595.8
25,05-12 06:15,2,6,15,28.8,86.0,167.0,1,baseline,26,3896.1,0.0,1032.8,2016.0,3028.0,9972.9,17.5351,12.4991,113.978,11.9541,11159.5,600.0,6.5,0,1,4,28.47,58.4,423.7,0.0,1.173,0.8,28.5,17.5,3066.8,28.52,76.4,620.6,12.0,1.769,1.5,28.5,17.5,6254.3,28.42,63.8,421.0,0.0,1.542,1.1,28.5,17.5,3146.4
26,05-12 06:30,2,6,30,28.9,87.5,237.8,1,baseline,27,7417.5,0.0,1792.1,2016.0,3028.0,14253.6,21.0985,14.8015,137.14,14.0922,14253.6,600.0,6.5,0,0,4,26.98,57.6,423.3,0.0,0.777,0.8,27.0,19.0,5251.8,24.06,72.5,691.4,12.0,0.856,1.5,24.0,21.0,13569.9,26.97,62.2,420.9,0.0,1.257,1.1,27.0,19.0,4914.3
27,05-12 06:45,2,6,45,29.0,89.0,308.5,1,baseline,28,9033.2,0.0,1950.0,2016.0,3028.0,16027.2,25.1053,17.5473,163.185,16.4962,16027.2,600.0,6.5,0,0,0,25.54,57.0,423.1,0.0,0.379,0.8,25.5,20.5,6820.3,24.0,64.8,726.1,12.0,0.78,1.5,24.0,21.0,15399.4,25.54,60.5,420.9,0.0,0.964,1.1,25.5,20.5,6686.6
28,05-12 07:00,2,7,0,29.5,86.5,379.2,1,baseline,29,9832.1,0.0,1950.0,2016.0,3028.0,16826.1,29.3119,20.4929,196.837,18.6836,16826.1,520.0,8.0,0,0,0,24.07,57.3,422.9,0.0,-0.024,0.8,24.0,21.0,8256.2,24.0,63.0,762.1,12.0,0.749,1.5,24.0,21.0,14961.5,24.07,59.7,420.8,0.0,0.665,1.1,24.0,21.0,8245.1
29,05-12 07:15,2,7,15,30.0,84.0,450.0,1,baseline,30,9494.0,0.0,1950.0,2016.0,3100.0,16560.0,33.4519,23.3539,229.957,20.8364,16826.1,520.0,8.0,0,0,0,24.0,56.1,422.8,0.0,-0.085,0.8,24.0,21.0,7703.7,24.0,62.6,783.6,12.0,0.732,1.5,24.0,21.0,14809.4,24.0,58.3,436.8,2.4,0.614,1.1,24.0,21.0,7867.5
30,05-12 07:30,2,7,30,30.5,81.5,494.2,1,baseline,31,9745.7,0.0,1950.0,2016.0,3100.0,16811.7,37.6548,26.2778,263.58,23.0219,16826.1,520.0,8.0,0,0,0,24.0,54.6,422.5,0.0,-0.107,0.8,24.0,21.0,8130.9,24.0,61.8,825.1,12.0,0.723,1.5,24.0,21.0,14742.1,24.0,56.5,457.1,2.4,0.594,1.1,24.0,21.0,8313.1
31,05-12 07:45,2,7,45,31.0,79.0,538.5,1,baseline,32,9378.6,0.0,1950.0,2016.0,3100.0,16444.6,41.7659,29.1099,296.47,25.1597,16826.1,520.0,8.0,0,0,0,24.0,54.3,422.3,0.0,-0.118,0.8,24.0,21.0,7637.9,24.0,61.6,853.9,12.0,0.718,1.5,24.0,21.0,14625.7,24.0,56.2,476.2,2.4,0.583,1.1,24.0,21.0,7748.0
32,05-12 08:00,2,8,0,31.35,77.8,582.8,1,baseline,33,9314.2,0.0,1950.0,2016.0,3100.0,16380.2,45.861,31.926,329.23,26.9616,16826.1,440.0,8.0,0,0,0,24.0,54.3,422.1,0.0,-0.124,0.8,24.0,21.0,7548.8,24.0,61.6,875.3,12.0,0.715,1.5,24.0,21.0,14623.1,24.0,56.3,493.1,2.4,0.577,1.1,24.0,21.0,7633.6
33,05-12 08:15,2,8,15,31.7,76.5,627.0,1,baseline,34,9330.7,0.0,1950.0,2016.0,3100.0,16396.7,49.9602,34.7462,362.023,28.7652,16826.1,440.0,8.0,0,0,0,24.0,54.4,421.9,0.0,-0.128,0.8,24.0,21.0,7550.1,24.0,61.5,891.9,12.0,0.713,1.5,24.0,21.0,14689.6,24.0,56.3,508.0,2.4,0.572,1.1,24.0,21.0,7618.7
34,05-12 08:30,2,8,30,32.05,75.2,659.2,1,baseline,35,9364.2,0.0,1950.0,2016.0,3100.0,16430.2,54.0677,37.5747,394.884,30.5725,16826.1,440.0,8.0,0,0,0,24.0,54.4,421.7,0.0,-0.13,0.8,24.0,21.0,7568.9,24.0,61.6,904.9,12.0,0.712,1.5,24.0,21.0,14775.2,24.0,56.4,521.3,2.4,0.568,1.1,24.0,21.0,7621.4
35,05-12 08:45,2,8,45,32.4,74.0,691.5,1,baseline,36,9404.0,0.0,1950.0,2016.0,3100.0,16470.0,58.1852,40.4132,427.824,32.3842,16826.1,440.0,8.0,0,0,0,24.0,54.3,421.6,0.0,-0.131,0.8,24.0,21.0,7590.1,24.0,61.6,915.0,12.0,0.711,1.5,24.0,21.0,14872.4,24.0,56.4,533.3,2.4,0.566,1.1,24.0,21.0,7630.4
36,05-12 09:00,2,9,0,32.55,72.2,723.8,1,baseline,37,9454.4,0.0,1950.0,2016.0,3100.0,16520.4,62.3153,43.2643,460.865,33.9537,16826.1,380.0,8.0,0,0,0,24.0,54.3,421.4,0.0,-0.13,0.8,24.0,21.0,7622.3,24.0,61.6,922.8,12.0,0.712,1.5,24.0,21.0,14980.8,24.0,56.4,544.1,2.4,0.565,1.1,24.0,21.0,7651.0
37,05-12 09:15,2,9,15,32.7,70.5,756.0,1,baseline,38,9547.3,0.0,1950.0,2016.0,3214.0,16727.3,66.4972,46.1387,494.319,35.5428,16826.1,380.0,8.0,0,0,0,24.0,54.7,447.3,5.7,-0.123,0.8,24.0,21.0,8054.9,24.0,61.6,928.9,12.0,0.713,1.5,24.0,21.0,14877.2,24.0,56.4,553.7,2.4,0.565,1.1,24.0,21.0,7619.1
38,05-12 09:30,2,9,30,32.85,68.8,771.2,1,baseline,39,9519.3,0.0,1950.0,2016.0,3214.0,16699.3,70.672,49.006,527.718,37.1292,16826.1,380.0,8.0,0,0,0,24.0,55.0,481.1,5.7,-0.116,0.8,24.0,21.0,8108.6,24.0,61.4,933.7,12.0,0.715,1.5,24.0,21.0,14765.9,24.0,56.3,562.3,2.4,0.567,1.1,24.0,21.0,7587.2
39,05-12 09:45,2,9,45,33.0,67.0,786.5,1,baseline,40,9487.0,0.0,1950.0,2016.0,3214.0,16667.0,74.8387,51.8652,561.052,38.7126,16826.1,380.0,8.0,0,0,0,24.0,55.1,512.9,5.7,-0.109,0.8,24.0,21.0,8159.4,24.0,61.3,937.4,12.0,0.717,1.5,24.0,21.0,14645.8,24.0,56.2,570.1,2.4,0.569,1.1,24.0,21.0,7553.1
40,05-12 10:00,2,10,0,33.5,65.2,801.8,1,baseline,41,9453.9,0.0,1950.0,2016.0,3214.0,16633.9,78.9972,54.7162,594.32,40.1264,16826.1,340.0,8.0,0,0,0,24.0,54.9,541.1,5.7,-0.103,0.8,24.0,21.0,8203.2,24.0,61.1,940.4,12.0,0.72,1.5,24.0,21.0,14526.9,24.0,56.0,577.0,2.4,0.573,1.1,24.0,21.0,7522.4
41,05-12 10:15,2,10,15,34.0,63.5,817.0,1,baseline,42,9513.8,0.0,1950.0,2016.0,3190.0,16669.8,83.1647,57.5822,627.659,41.5434,16826.1,340.0,8.0,0,0,0,24.0,54.6,566.3,5.7,-0.094,0.8,24.0,21.0,8319.8,24.0,60.7,934.3,10.8,0.723,1.5,24.0,21.0,14540.0,24.0,55.9,583.1,2.4,0.579,1.1,24.0,21.0,7584.5
42,05-12 10:30,2,10,30,34.5,61.8,816.5,1,baseline,43,9621.0,0.0,1950.0,2016.0,3190.0,16777.0,87.3589,60.4749,661.213,42.9694,16826.1,340.0,8.0,0,0,0,24.0,54.3,589.1,5.7,-0.085,0.8,24.0,21.0,8450.3,24.0,60.5,926.1,10.8,0.728,1.5,24.0,21.0,14670.6,24.0,55.8,588.6,2.4,0.586,1.1,24.0,21.0,7666.1
43,05-12 10:45,2,10,45,35.0,60.0,816.0,1,baseline,44,9742.8,0.0,1950.0,2016.0,3190.0,16898.8,91.5836,63.3981,695.011,44.4058,16898.8,340.0,8.0,0,0,0,24.0,53.9,609.9,5.7,-0.074,0.8,24.0,21.0,8593.2,24.0,60.3,919.5,10.8,0.734,1.5,24.0,21.0,14816.9,24.0,55.7,593.5,2.4,0.595,1.1,24.0,21.0,7766.8
44,05-12 11:00,2,11,0,35.15,59.2,815.5,1,baseline,45,9879.3,0.0,1950.0,2016.0,3190.0,17035.3,95.8424,66.3554,729.081,45.7686,17035.3,320.0,8.0,0,0,0,24.0,53.4,628.8,5.7,-0.063,0.8,24.0,21.0,8749.7,24.0,60.2,914.8,10.8,0.741,1.5,24.0,21.0,14984.0,24.0,55.6,597.9,2.4,0.604,1.1,24.0,21.0,7879.9
45,05-12 11:15,2,11,15,35.3,58.5,815.0,1,baseline,46,9959.3,0.0,1950.0,2016.0,3190.0,17115.3,100.1212,69.3327,763.312,47.1379,17115.3,320.0,8.0,0,0,0,24.0,52.8,645.9,5.7,-0.052,0.8,24.0,21.0,8867.4,24.0,60.0,911.2,10.8,0.748,1.5,24.0,21.0,15049.4,24.0,55.5,601.7,2.4,0.615,1.1,24.0,21.0,7953.0
46,05-12 11:30,2,11,30,35.45,57.8,808.5,1,baseline,47,10047.7,0.0,1950.0,2016.0,3190.0,17203.7,104.4222,72.3322,797.719,48.5142,17203.7,320.0,8.0,0,0,0,24.0,52.1,661.5,5.7,-0.041,0.8,24.0,21.0,8994.2,24.0,59.9,908.4,10.8,0.755,1.5,24.0,21.0,15124.4,24.0,55.3,605.2,2.4,0.626,1.1,24.0,21.0,8034.1
47,05-12 11:45,2,11,45,35.6,57.0,802.0,1,baseline,48,10143.2,0.0,1950.0,2016.0,3190.0,17299.2,108.747,75.3555,832.318,49.8981,17299.2,320.0,8.0,0,0,0,24.0,51.3,675.7,5.7,-0.029,0.8,24.0,21.0,9129.8,24.0,59.7,906.2,10.8,0.763,1.5,24.0,21.0,15205.5,24.0,55.2,608.3,2.4,0.638,1.1,24.0,21.0,8122.9
48,05-12 12:00,2,12,0,35.7,56.0,795.5,1,baseline,49,10244.7,0.0,1950.0,2016.0,3190.0,17400.7,113.0971,78.4041,867.119,51.2684,17400.7,315.0,8.0,0,0,0,24.0,50.5,688.6,5.7,-0.017,0.8,24.0,21.0,9273.4,24.0,59.5,904.4,10.8,0.772,1.5,24.0,21.0,15291.7,24.0,55.1,611.0,2.4,0.65,1.1,24.0,21.0,8218.1
49,05-12 12:15,2,12,15,35.8,55.0,789.0,1,baseline,50,10306.7,0.0,1950.0,2016.0,3154.0,17426.7,117.4538,81.4683,901.973,52.6408,17426.7,315.0,8.0,0,0,0,24.0,49.6,700.3,5.7,-0.004,0.8,24.0,21.0,9427.4,24.0,59.4,903.0,10.8,0.781,1.5,24.0,21.0,15317.6,24.0,54.7,605.9,1.2,0.662,1.1,24.0,21.0,8236.5
50,05-12 12:30,2,12,30,35.9,54.0,781.8,1,baseline,51,10414.9,0.0,1950.0,2016.0,3154.0,17534.9,121.8375,84.5595,937.042,54.0216,17534.9,315.0,8.0,0,0,0,24.0,48.6,711.0,5.7,0.009,0.8,24.0,21.0,9589.7,24.0,59.2,902.0,10.8,0.79,1.5,24.0,21.0,15335.6,24.0,54.1,598.4,1.2,0.673,1.1,24.0,21.0,8402.3
51,05-12 12:45,2,12,45,36.0,53.0,774.5,1,baseline,52,10525.0,0.0,1950.0,2016.0,3154.0,17645.0,126.2488,87.6783,972.332,55.4112,17645.0,315.0,8.0,0,0,0,24.0,47.4,720.8,5.7,0.021,0.8,24.0,21.0,9759.7,24.0,59.0,901.3,10.8,0.8,1.5,24.0,21.0,15345.5,24.0,53.3,591.5,1.2,0.684,1.1,24.0,21.0,8574.9
52,05-12 13:00,2,13,0,35.5,55.5,767.2,1,baseline,53,10624.7,0.0,1950.0,2016.0,3154.0,17744.7,130.685,90.822,1007.822,56.8308,17744.7,320.0,8.0,0,0,0,24.0,46.2,729.7,5.7,0.034,0.8,24.0,21.0,9893.9,24.0,58.8,900.8,10.8,0.809,1.5,24.0,21.0,15352.8,24.0,52.3,585.4,1.2,0.693,1.1,24.0,21.0,8752.3
53,05-12 13:15,2,13,15,35.0,58.0,760.0,1,baseline,54,10385.6,0.0,1950.0,2016.0,2980.0,17331.6,135.0179,93.9059,1042.485,58.2173,17744.7,320.0,8.0,0,0,0,24.0,45.3,726.6,3.0,0.046,0.8,24.0,21.0,9502.5,24.0,57.8,859.7,4.8,0.814,1.5,24.0,21.0,14872.0,24.0,51.4,580.2,1.2,0.703,1.1,24.0,21.0,8859.4
54,05-12 13:30,2,13,30,34.5,60.5,757.2,1,baseline,55,10384.5,0.0,1950.0,2016.0,2980.0,17330.5,139.3505,96.9895,1077.146,59.6037,17744.7,320.0,8.0,0,0,0,24.0,45.0,719.7,3.0,0.063,0.8,24.0,21.0,9422.6,24.0,57.1,811.7,4.8,0.82,1.5,24.0,21.0,14840.9,24.0,50.7,575.4,1.2,0.713,1.1,24.0,21.0,8966.8
55,05-12 13:45,2,13,45,34.0,63.0,754.5,1,baseline,56,10432.6,0.0,1950.0,2016.0,2980.0,17378.6,143.6951,100.0851,1111.903,60.994,17744.7,320.0,8.0,0,0,0,24.0,45.1,713.0,3.0,0.082,0.8,24.0,21.0,9470.1,24.0,56.9,772.8,4.8,0.829,1.5,24.0,21.0,14842.0,24.0,50.2,571.2,1.2,0.725,1.1,24.0,21.0,9072.2
56,05-12 14:00,2,14,0,34.2,61.2,751.8,1,baseline,57,10528.2,0.0,1950.0,2016.0,2980.0,17474.2,148.0637,103.2047,1146.851,62.523,17744.7,350.0,8.0,0,0,0,24.0,45.1,707.2,3.0,0.1,0.8,24.0,21.0,9584.3,24.0,56.9,743.5,4.8,0.839,1.5,24.0,21.0,14931.8,24.0,49.7,567.4,1.2,0.736,1.1,24.0,21.0,9174.2
57,05-12 14:15,2,14,15,34.4,59.5,749.0,1,baseline,58,10941.0,0.0,1950.0,2016.0,3208.0,18115.0,152.5924,106.4274,1183.081,64.1081,18115.0,350.0,8.0,0,0,0,24.0,45.2,711.9,5.4,0.12,0.8,24.0,21.0,9882.5,24.0,57.8,764.0,11.4,0.853,1.5,24.0,21.0,15593.3,24.0,49.3,573.3,2.8,0.747,1.1,24.0,21.0,9535.4
58,05-12 14:30,2,14,30,34.6,57.8,736.2,1,baseline,59,11111.6,0.0,1950.0,2016.0,3208.0,18285.6,157.1638,109.6928,1219.653,65.7081,18285.6,350.0,8.0,0,0,0,24.0,45.1,719.6,5.4,0.138,0.8,24.0,21.0,10009.9,24.0,58.3,796.0,11.4,0.866,1.5,24.0,21.0,15832.8,24.0,48.6,582.0,2.8,0.756,1.1,24.0,21.0,9714.6
59,05-12 14:45,2,14,45,34.8,56.0,723.5,1,baseline,60,11243.5,0.0,1950.0,2016.0,3208.0,18417.5,161.7682,112.9912,1256.488,67.3196,18417.5,350.0,8.0,0,0,0,24.0,44.9,726.8,5.4,0.154,0.8,24.0,21.0,10100.4,24.0,58.3,822.2,11.4,0.874,1.5,24.0,21.0,15991.7,24.0,47.7,590.2,2.8,0.764,1.1,24.0,21.0,9887.1
60,05-12 15:00,2,15,0,34.6,56.0,710.8,1,baseline,61,11314.6,0.0,1950.0,2016.0,3208.0,18488.6,166.3904,116.3074,1293.465,69.2609,18488.6,420.0,8.0,0,0,0,24.0,44.7,733.1,5.4,0.169,0.8,24.0,21.0,10154.7,24.0,58.0,841.8,11.4,0.882,1.5,24.0,21.0,15998.7,24.0,46.5,597.3,2.8,0.77,1.1,24.0,21.0,10053.4
61,05-12 15:15,2,15,15,34.4,56.0,698.0,1,baseline,62,11282.8,0.0,1950.0,2016.0,3208.0,18456.8,171.0046,119.6156,1330.379,71.1988,18488.6,420.0,8.0,0,0,0,24.0,44.7,738.8,5.4,0.184,0.8,24.0,21.0,10173.0,24.0,57.9,857.0,11.4,0.889,1.5,24.0,21.0,15941.6,24.0,45.7,603.6,2.8,0.776,1.1,24.0,21.0,9990.3
62,05-12 15:30,2,15,30,34.2,56.0,671.8,1,baseline,63,11215.1,0.0,1950.0,2016.0,3208.0,18389.1,175.6018,122.9068,1367.157,73.1297,18488.6,420.0,8.0,0,0,0,24.0,44.6,744.0,5.4,0.197,0.8,24.0,21.0,10193.3,24.0,57.7,869.3,11.4,0.896,1.5,24.0,21.0,15871.2,24.0,45.3,609.4,2.8,0.785,1.1,24.0,21.0,9823.8
63,05-12 15:45,2,15,45,34.0,56.0,645.5,1,baseline,64,11182.1,0.0,1950.0,2016.0,3208.0,18356.1,180.1909,126.1899,1403.869,75.0571,18488.6,420.0,8.0,0,0,0,24.0,44.6,748.9,5.4,0.211,0.8,24.0,21.0,10217.1,24.0,57.6,879.4,11.4,0.902,1.5,24.0,21.0,15803.3,24.0,45.2,614.6,2.8,0.794,1.1,24.0,21.0,9762.2
64,05-12 16:00,2,16,0,33.75,57.8,619.2,1,baseline,65,11169.4,0.0,1950.0,2016.0,3208.0,18343.4,184.7767,129.4697,1440.556,77.4417,18488.6,520.0,8.0,0,0,0,24.0,44.6,753.4,5.4,0.223,0.8,24.0,21.0,10239.0,24.0,57.5,887.7,11.4,0.908,1.5,24.0,21.0,15733.7,24.0,45.2,619.4,2.8,0.803,1.1,24.0,21.0,9769.5
65,05-12 16:15,2,16,15,33.5,59.5,593.0,1,baseline,66,11261.3,0.0,1950.0,2016.0,3208.0,18435.3,189.3855,132.7725,1477.426,79.8383,18488.6,520.0,8.0,0,0,0,24.0,44.6,757.6,5.4,0.234,0.8,24.0,21.0,10318.4,24.0,57.4,894.5,11.4,0.914,1.5,24.0,21.0,15858.6,24.0,45.2,623.8,2.8,0.811,1.1,24.0,21.0,9859.1
66,05-12 16:30,2,16,30,33.25,61.2,537.2,1,baseline,67,11362.5,0.0,1950.0,2016.0,3208.0,18536.5,194.0197,136.1007,1514.499,82.2481,18536.5,520.0,8.0,0,0,0,24.0,44.6,761.5,5.4,0.244,0.8,24.0,21.0,10406.2,24.0,57.5,900.0,11.4,0.919,1.5,24.0,21.0,16000.1,24.0,45.2,627.7,2.8,0.819,1.1,24.0,21.0,9953.8
67,05-12 16:45,2,16,45,33.0,63.0,481.5,1,baseline,68,11464.8,0.0,1950.0,2016.0,3208.0,18638.8,198.6794,139.4544,1551.777,84.6711,18638.8,520.0,8.0,0,0,0,24.0,44.7,765.1,5.4,0.252,0.8,24.0,21.0,10491.0,24.0,57.5,904.4,11.4,0.924,1.5,24.0,21.0,16148.1,24.0,45.3,631.4,2.8,0.826,1.1,24.0,21.0,10048.2
68,05-12 17:00,2,17,0,32.8,63.8,425.8,1,baseline,69,11561.2,0.0,1950.0,2016.0,3208.0,18735.2,203.3632,142.8322,1589.247,87.6688,18735.2,640.0,8.0,0,0,0,24.0,44.7,768.4,5.4,0.259,0.8,24.0,21.0,10570.9,24.0,57.6,908.1,11.4,0.928,1.5,24.0,21.0,16288.3,24.0,45.3,634.7,2.8,0.831,1.1,24.0,21.0,10136.7
69,05-12 17:15,2,17,15,32.6,64.5,370.0,1,baseline,70,11593.3,0.0,1950.0,2016.0,3208.0,18767.3,208.055,146.218,1626.782,90.6715,18767.3,640.0,8.0,0,0,0,24.0,44.7,771.5,5.4,0.263,0.8,24.0,21.0,10613.9,24.0,57.6,911.0,11.4,0.93,1.5,24.0,21.0,16297.2,24.0,45.3,637.8,2.8,0.835,1.1,24.0,21.0,10187.4
70,05-12 17:30,2,17,30,32.4,65.2,281.2,1,baseline,71,11608.4,0.0,1950.0,2016.0,3208.0,18782.4,212.7506,149.6076,1664.347,93.6767,18782.4,640.0,8.0,0,0,0,24.0,44.6,774.3,5.4,0.265,0.8,24.0,21.0,10637.2,24.0,57.5,913.2,11.4,0.932,1.5,24.0,21.0,16291.8,24.0,45.2,640.5,2.8,0.838,1.1,24.0,21.0,10218.0
71,05-12 17:45,2,17,45,32.2,66.0,192.5,1,baseline,72,11607.1,0.0,1950.0,2016.0,3208.0,18781.1,217.4459,152.9969,1701.909,96.6817,18782.4,640.0,8.0,0,0,0,24.0,44.5,776.9,5.4,0.266,0.8,24.0,21.0,10639.8,24.0,57.5,914.9,11.4,0.933,1.5,24.0,21.0,16273.3,24.0,45.2,643.0,2.8,0.839,1.1,24.0,21.0,10229.7
72,05-12 18:00,2,18,0,32.15,67.2,103.8,1,baseline,73,11592.6,0.0,1950.0,2016.0,3208.0,18766.6,222.1376,156.3826,1755.863,100.2474,18782.4,760.0,11.5,1,0,0,24.0,44.5,779.2,5.4,0.264,0.8,24.0,21.0,10626.2,24.0,57.5,916.2,11.4,0.932,1.5,24.0,21.0,16242.4,24.0,45.1,645.3,2.8,0.839,1.1,24.0,21.0,10227.8
73,05-12 18:15,2,18,15,32.1,68.5,0.0,1,baseline,74,10918.7,0.0,1950.0,2016.0,1250.0,16134.7,226.1712,159.5997,1802.251,103.313,18782.4,760.0,11.5,1,0,0,24.0,44.4,766.1,1.5,0.258,0.8,24.0,21.0,10033.5,24.0,56.4,867.1,3.6,0.924,1.5,24.0,21.0,15063.2,24.0,44.9,631.8,0.0,0.837,1.1,24.0,21.0,9843.3
74,05-12 18:30,2,18,30,32.05,69.8,0.0,1,baseline,75,10834.6,0.0,1950.0,2016.0,1250.0,16050.6,230.1839,162.7959,1848.396,106.3626,18782.4,760.0,11.5,1,0,0,24.0,44.4,748.7,1.5,0.251,0.8,24.0,21.0,9985.8,24.0,55.6,809.1,3.6,0.916,1.5,24.0,21.0,14888.4,24.0,44.8,614.0,0.0,0.834,1.1,24.0,21.0,9796.4
75,05-12 18:45,2,18,45,32.0,71.0,0.0,1,baseline,76,10781.7,0.0,1950.0,2016.0,1250.0,15997.7,234.1833,165.9788,1894.389,109.4021,18782.4,760.0,11.5,1,0,0,24.0,44.5,732.3,1.5,0.247,0.8,24.0,21.0,9967.6,24.0,55.4,761.5,3.6,0.912,1.5,24.0,21.0,14769.8,24.0,44.9,597.3,0.0,0.832,1.1,24.0,21.0,9764.0
76,05-12 19:00,2,19,0,31.75,72.0,0.0,1,baseline,77,10797.1,0.0,1950.0,2016.0,1250.0,16013.1,238.1866,169.1656,1940.427,112.5647,18782.4,790.0,11.5,1,0,7,24.0,44.6,717.4,1.5,0.242,0.8,24.0,21.0,9978.3,24.0,55.6,724.8,3.6,0.91,1.5,24.0,21.0,14802.8,24.0,45.0,582.4,0.0,0.828,1.1,24.0,21.0,9769.5
77,05-12 19:15,2,19,15,31.5,73.0,0.0,0,baseline,78,5996.2,0.0,1521.7,448.0,1148.0,9113.9,240.465,171.045,1966.629,114.3647,18782.4,790.0,11.5,1,0,0,25.06,42.4,688.5,0.0,0.484,0.8,25.09,19.5,7457.9,25.44,51.6,661.5,0.0,1.166,1.5,25.5,19.5,8762.5,28.58,36.2,563.4,0.0,1.609,1.1,30.0,16.0,2967.5
78,05-12 19:30,2,19,30,31.25,74.0,0.0,0,baseline,79,3151.1,0.0,835.3,448.0,1148.0,5582.3,241.8606,172.0416,1982.679,115.4672,18782.4,790.0,11.5,1,0,0,28.97,35.2,659.1,0.0,1.426,0.8,30.0,16.0,3253.0,29.1,45.2,605.9,0.0,1.849,1.5,30.0,16.0,4371.5,30.0,38.9,545.8,0.0,1.894,1.1,30.0,16.0,2458.9
79,05-12 19:45,2,19,45,31.0,75.0,0.0,0,baseline,80,2908.7,0.0,771.0,448.0,1148.0,5275.7,243.1796,172.9616,1997.846,116.5092,18782.4,790.0,11.5,1,0,0,30.0,36.1,652.4,0.0,1.71,0.8,30.0,16.0,2771.1,30.0,46.3,594.3,0.0,2.036,1.5,30.0,16.0,3977.8,30.0,39.9,541.7,0.0,1.915,1.1,30.0,16.0,2558.9
80,05-12 20:00,2,20,0,31.0,75.2,0.0,0,baseline,81,2856.0,0.0,757.1,448.0,1148.0,5209.0,244.4818,173.8648,2012.822,117.5249,18782.4,780.0,11.5,1,0,0,30.0,36.8,647.4,0.0,1.734,0.8,30.0,16.0,2797.0,30.0,46.8,588.0,0.0,2.05,1.5,30.0,16.0,3938.9,30.0,40.6,538.8,0.0,1.93,1.1,30.0,16.0,2403.3
81,05-12 20:15,2,20,15,31.0,75.5,0.0,0,baseline,82,2763.4,0.0,732.5,448.0,492.0,4435.9,245.5908,174.7388,2025.575,118.3899,18782.4,780.0,11.5,1,0,0,30.0,38.2,628.6,0.0,1.752,0.8,30.0,16.0,2559.1,30.0,47.6,557.4,0.0,2.056,1.5,30.0,16.0,3687.8,30.0,42.0,527.8,0.0,1.942,1.1,30.0,16.0,2596.0
82,05-12 20:30,2,20,30,31.0,75.8,0.0,0,baseline,83,2909.8,0.0,771.3,448.0,492.0,4621.1,246.746,175.659,2038.861,119.291,18782.4,780.0,11.5,1,0,0,30.0,39.5,609.7,0.0,1.765,0.8,30.0,16.0,2755.8,30.0,48.0,528.5,0.0,2.059,1.5,30.0,16.0,3877.1,30.0,43.2,516.6,0.0,1.95,1.1,30.0,16.0,2678.3
83,05-12 20:45,2,20,45,31.0,76.0,0.0,0,baseline,84,2931.5,0.0,777.1,448.0,492.0,4648.5,247.9082,176.5862,2052.225,120.1975,18782.4,780.0,11.5,1,0,0,30.0,40.7,592.4,0.0,1.775,0.8,30.0,16.0,2754.8,30.0,48.4,504.8,0.0,2.059,1.5,30.0,16.0,3889.0,30.0,44.1,506.4,0.0,1.955,1.1,30.0,16.0,2736.9
84,05-12 21:00,2,21,0,31.0,75.8,0.0,0,baseline,85,2947.4,0.0,781.3,448.0,492.0,4668.6,249.0753,177.5183,2065.648,121.0845,18782.4,760.0,11.5,1,0,0,30.0,41.7,576.8,0.0,1.782,0.8,30.0,16.0,2774.3,30.0,48.6,486.5,0.0,2.059,1.5,30.0,16.0,3887.4,30.0,44.7,497.4,0.0,1.957,1.1,30.0,16.0,2769.9
85,05-12 21:15,2,21,15,31.0,75.5,0.0,0,baseline,86,2891.4,0.0,766.4,112.0,492.0,4261.9,250.1408,178.4328,2077.901,121.8943,18782.4,760.0,11.5,1,0,0,30.0,42.6,562.7,0.0,1.785,0.8,30.0,16.0,2761.8,30.0,49.0,472.3,0.0,2.058,1.5,30.0,16.0,3761.8,30.0,45.3,489.3,0.0,1.957,1.1,30.0,16.0,2729.0
86,05-12 21:30,2,21,30,31.0,75.2,0.0,0,baseline,87,2880.8,0.0,763.6,112.0,492.0,4248.4,251.2029,179.3439,2090.115,122.7015,18782.4,760.0,11.5,1,0,0,30.0,43.2,549.9,0.0,1.785,0.8,30.0,16.0,2781.2,30.0,49.3,461.2,0.0,2.057,1.5,30.0,16.0,3718.9,30.0,45.7,482.1,0.0,1.956,1.1,30.0,16.0,2718.4
87,05-12 21:45,2,21,45,31.0,75.0,0.0,0,baseline,88,2859.7,0.0,758.0,112.0,492.0,4221.8,252.2584,180.2484,2102.252,123.5036,18782.4,760.0,11.5,1,0,0,30.0,43.7,538.1,0.0,1.783,0.8,30.0,16.0,2781.3,30.0,49.5,452.4,0.0,2.055,1.5,30.0,16.0,3672.8,30.0,46.0,475.6,0.0,1.953,1.1,30.0,16.0,2697.0
88,05-12 22:00,2,22,0,31.0,76.0,0.0,0,baseline,89,2830.1,0.0,750.2,112.0,492.0,4184.3,253.3044,181.1434,2109.052,124.2777,18782.4,740.0,6.5,0,0,0,30.0,44.0,527.4,0.0,1.779,0.8,30.0,16.0,2765.8,30.0,49.7,445.5,0.0,2.053,1.5,30.0,16.0,3623.2,30.0,46.3,469.8,0.0,1.95,1.1,30.0,16.0,2667.3
89,05-12 22:15,2,22,15,31.0,77.0,0.0,0,baseline,90,2821.1,0.0,747.8,112.0,492.0,4172.9,254.3477,182.0357,2115.833,125.0497,18782.4,740.0,6.5,0,0,0,30.0,44.3,517.6,0.0,1.774,0.8,30.0,16.0,2754.7,30.0,49.9,440.0,0.0,2.051,1.5,30.0,16.0,3625.6,30.0,46.5,464.5,0.0,1.947,1.1,30.0,16.0,2647.4
90,05-12 22:30,2,22,30,31.0,78.0,0.0,0,baseline,91,2809.9,0.0,744.8,112.0,492.0,4158.8,255.3874,182.9244,2122.591,125.8191,18782.4,740.0,6.5,0,0,0,30.0,44.6,508.6,0.0,1.769,0.8,30.0,16.0,2738.8,30.0,50.2,435.7,0.0,2.049,1.5,30.0,16.0,3627.2,30.0,46.8,459.8,0.0,1.943,1.1,30.0,16.0,2625.8
91,05-12 22:45,2,22,45,31.0,79.0,0.0,0,baseline,92,2798.3,0.0,741.8,112.0,492.0,4144.1,256.4234,183.8094,2129.325,126.5857,18782.4,740.0,6.5,0,0,0,30.0,44.9,500.5,0.0,1.764,0.8,30.0,16.0,2721.3,30.0,50.6,432.3,0.0,2.047,1.5,30.0,16.0,3628.7,30.0,47.1,455.6,0.0,1.94,1.1,30.0,16.0,2604.7
92,05-12 23:00,2,23,0,30.85,80.0,0.0,0,baseline,93,2786.6,0.0,738.7,112.0,492.0,4129.3,257.4557,184.6907,2136.035,127.3342,18782.4,725.0,6.5,0,0,0,30.0,45.2,493.1,0.0,1.759,0.8,30.0,16.0,2703.0,30.0,51.0,429.6,0.0,2.046,1.5,30.0,16.0,3630.0,30.0,47.5,451.8,0.0,1.937,1.1,30.0,16.0,2584.2
93,05-12 23:15,2,23,15,30.7,81.0,0.0,0,baseline,94,2746.8,0.0,728.1,112.0,492.0,4078.9,258.4754,185.5594,2142.663,128.0735,18782.4,725.0,6.5,0,0,0,30.0,45.5,486.3,0.0,1.753,0.8,30.0,16.0,2663.6,30.0,51.4,427.5,0.0,2.045,1.5,30.0,16.0,3582.8,30.0,47.8,448.4,0.0,1.934,1.1,30.0,16.0,2543.4
94,05-12 23:30,2,23,30,30.55,82.0,0.0,0,baseline,95,2705.6,0.0,717.2,112.0,492.0,4026.8,259.4821,186.4151,2149.207,128.8033,18782.4,725.0,6.5,0,0,0,30.0,45.8,480.1,0.0,1.746,0.8,30.0,16.0,2622.5,30.0,51.8,425.9,0.0,2.044,1.5,30.0,16.0,3533.9,30.0,48.2,445.3,0.0,1.931,1.1,30.0,16.0,2501.5
95,05-12 23:45,2,23,45,30.4,83.0,0.0,0,baseline,96,2662.9,0.0,705.9,112.0,492.0,3972.8,260.4753,187.2573,2155.663,129.5234,18782.4,725.0,6.5,0,0,0,30.0,46.1,474.5,0.0,1.74,0.8,30.0,16.0,2579.6,30.0,52.2,424.6,0.0,2.042,1.5,30.0,16.0,3483.3,30.0,48.5,442.6,0.0,1.927,1.1,30.0,16.0,2458.3
96,05-13 00:00,3,0,0,30.55,82.0,0.0,0,baseline,97,2618.9,0.0,694.2,112.0,492.0,3917.1,261.4546,188.0856,2162.028,130.2187,18782.4,710.0,6.5,0,0,0,30.0,46.4,469.3,0.0,1.734,0.8,30.0,16.0,2535.5,30.0,52.6,423.5,0.0,2.041,1.5,30.0,16.0,3431.3,30.0,48.9,440.1,0.0,1.924,1.1,30.0,16.0,2413.8
97,05-13 00:15,3,0,15,30.7,81.0,0.0,0,baseline,98,2587.6,0.0,685.9,112.0,492.0,3877.5,262.424,188.904,2168.329,130.907,18782.4,710.0,6.5,0,0,0,30.0,46.7,464.6,0.0,1.729,0.8,30.0,16.0,2505.9,30.0,53.1,422.8,0.0,2.04,1.5,30.0,16.0,3391.0,30.0,49.3,437.9,0.0,1.921,1.1,30.0,16.0,2383.4
98,05-13 00:30,3,0,30,30.85,80.0,0.0,0,baseline,99,2554.6,0.0,677.2,112.0,492.0,3835.8,263.3829,189.7119,2174.562,131.5878,18782.4,710.0,6.5,0,0,0,30.0,47.0,460.4,0.0,1.723,0.8,30.0,16.0,2474.2,30.0,53.4,422.1,0.0,2.038,1.5,30.0,16.0,3349.7,30.0,49.7,435.9,0.0,1.918,1.1,30.0,16.0,2350.9
99,05-13 00:45,3,0,45,31.0,79.0,0.0,0,baseline,100,2519.8,0.0,667.9,112.0,492.0,3791.8,264.3309,190.5089,2180.724,132.2608,18782.4,710.0,6.5,0,0,0,30.0,47.3,456.5,0.0,1.717,0.8,30.0,16.0,2440.1,30.0,53.7,421.7,0.0,2.037,1.5,30.0,16.0,3307.3,30.0,50.0,434.2,0.0,1.914,1.1,30.0,16.0,2315.9
100,05-13 01:00,3,1,0,31.0,79.0,0.0,0,baseline,101,2483.6,0.0,658.3,112.0,492.0,3745.9,265.2674,191.2944,2186.811,132.9211,18782.4,705.0,6.5,0,0,0,30.0,47.5,453.0,0.0,1.711,0.8,30.0,16.0,2404.1,30.0,54.0,421.3,0.0,2.034,1.5,30.0,16.0,3264.3,30.0,50.2,432.6,0.0,1.91,1.1,30.0,16.0,2279.0
101,05-13 01:15,3,1,15,31.0,79.0,0.0,0,baseline,102,2440.0,0.0,646.8,112.0,492.0,3690.7,266.19,192.066,2192.808,133.5716,18782.4,705.0,6.5,0,0,0,30.0,47.7,449.8,0.0,1.704,0.8,30.0,16.0,2358.7,30.0,54.2,421.0,0.0,2.032,1.5,30.0,16.0,3215.7,30.0,50.4,431.2,0.0,1.906,1.1,30.0,16.0,2233.5
102,05-13 01:30,3,1,30,31.0,79.0,0.0,0,baseline,103,2396.6,0.0,635.3,112.0,492.0,3635.9,267.099,192.824,2198.717,134.2124,18782.4,705.0,6.5,0,0,0,30.0,47.8,446.9,0.0,1.697,0.8,30.0,16.0,2313.4,30.0,54.4,420.8,0.0,2.029,1.5,30.0,16.0,3167.5,30.0,50.7,430.0,0.0,1.902,1.1,30.0,16.0,2188.2
103,05-13 01:45,3,1,45,31.0,79.0,0.0,0,baseline,104,2353.9,0.0,624.0,112.0,492.0,3581.9,267.9945,193.5685,2204.537,134.8437,18782.4,705.0,6.5,0,0,0,30.0,48.0,444.3,0.0,1.691,0.8,30.0,16.0,2269.0,30.0,54.6,420.6,0.0,2.027,1.5,30.0,16.0,3119.7,30.0,50.9,428.8,0.0,1.898,1.1,30.0,16.0,2143.9
104,05-13 02:00,3,2,0,30.75,80.2,0.0,0,baseline,105,2312.1,0.0,612.9,112.0,492.0,3529.0,268.8767,194.2997,2210.272,135.4613,18782.4,700.0,6.5,0,0,0,30.0,48.3,441.9,0.0,1.685,0.8,30.0,16.0,2225.7,30.0,54.9,420.5,0.0,2.025,1.5,30.0,16.0,3072.5,30.0,51.2,427.8,0.0,1.894,1.1,30.0,16.0,2100.5
105,05-13 02:15,3,2,15,30.5,81.5,0.0,0,baseline,106,2250.4,0.0,596.5,112.0,492.0,3451.0,269.7395,195.0115,2215.88,136.0652,18782.4,700.0,6.5,0,0,0,30.0,48.5,439.8,0.0,1.678,0.8,30.0,16.0,2165.5,30.0,55.1,420.4,0.0,2.023,1.5,30.0,16.0,2995.0,30.0,51.4,427.0,0.0,1.891,1.1,30.0,16.0,2040.9
106,05-13 02:30,3,2,30,30.25,82.8,0.0,0,baseline,107,2187.0,0.0,579.7,112.0,492.0,3370.7,270.5821,195.7031,2221.357,136.655,18782.4,700.0,6.5,0,0,0,30.0,48.8,437.8,0.0,1.672,0.8,30.0,16.0,2106.2,30.0,55.5,420.3,0.0,2.021,1.5,30.0,16.0,2909.9,30.0,51.8,426.2,0.0,1.888,1.1,30.0,16.0,1982.1
107,05-13 02:45,3,2,45,30.0,84.0,0.0,0,baseline,108,2117.2,0.0,566.6,112.0,492.0,3287.8,271.4041,196.3741,2226.7,137.2304,18782.4,700.0,6.5,0,0,0,30.0,49.1,436.1,0.0,1.666,0.8,30.0,16.0,2048.3,30.0,55.9,420.2,0.0,2.02,1.5,30.0,16.0,2802.7,30.0,52.1,425.5,0.0,1.885,1.1,30.0,16.0,1924.3
108,05-13 03:00,3,3,0,29.75,85.2,0.0,0,baseline,109,2047.9,0.0,557.2,112.0,492.0,3209.0,272.2064,197.0254,2231.914,137.792,18782.4,700.0,6.5,0,0,0,30.0,49.4,434.4,0.0,1.66,0.8,30.0,16.0,1991.7,30.0,56.5,420.2,0.0,2.02,1.5,30.0,16.0,2694.3,30.0,52.5,424.8,0.0,1.883,1.1,30.0,16.0,1867.2
109,05-13 03:15,3,3,15,29.5,86.5,0.0,0,baseline,110,1977.9,0.0,547.8,112.0,492.0,3129.7,272.9888,197.6568,2237.0,138.3397,18782.4,700.0,6.5,0,0,0,30.0,49.7,433.0,0.0,1.655,0.8,30.0,16.0,1935.7,30.0,57.1,420.1,0.0,2.021,1.5,30.0,16.0,2583.3,30.0,52.9,424.3,0.0,1.88,1.1,30.0,16.0,1810.3
110,05-13 03:30,3,3,30,29.25,87.8,0.0,0,baseline,111,1906.9,0.0,538.4,112.0,492.0,3049.3,273.7511,198.2681,2241.955,138.8733,18782.4,700.0,6.5,0,0,0,30.0,50.1,431.7,0.0,1.65,0.8,30.0,16.0,1878.9,30.0,57.8,420.1,0.0,2.022,1.5,30.0,16.0,2469.9,30.0,53.3,423.8,0.0,1.878,1.1,30.0,16.0,1753.3
111,05-13 03:45,3,3,45,29.0,89.0,0.0,0,baseline,112,1834.9,0.0,528.9,112.0,492.0,2967.8,274.4931,198.8591,2246.778,139.3927,18782.4,700.0,6.5,0,0,0,30.0,50.4,430.5,0.0,1.645,0.8,30.0,16.0,1821.4,30.0,58.6,420.1,0.0,2.024,1.5,30.0,16.0,2354.1,30.0,53.7,423.3,0.0,1.876,1.1,30.0,16.0,1696.2
112,05-13 04:00,3,4,0,29.0,87.8,0.0,0,baseline,113,1761.9,0.0,519.3,112.0,492.0,2885.3,275.2144,199.4294,2251.467,139.8904,18782.4,690.0,6.5,0,0,0,30.0,50.8,429.4,0.0,1.64,0.8,30.0,16.0,1763.6,30.0,59.4,420.1,0.0,2.026,1.5,30.0,16.0,2235.9,30.0,54.1,422.9,0.0,1.875,1.1,30.0,16.0,1638.7
113,05-13 04:15,3,4,15,29.0,86.5,0.0,0,baseline,114,1692.6,0.0,510.6,112.0,492.0,2807.2,275.9162,199.9802,2256.028,140.3746,18782.4,690.0,6.5,0,0,0,30.0,51.1,428.4,0.0,1.636,0.8,30.0,16.0,1711.1,30.0,60.2,420.0,0.0,2.028,1.5,30.0,16.0,2119.1,30.0,54.5,422.6,0.0,1.873,1.1,30.0,16.0,1586.1
114,05-13 04:30,3,4,30,29.0,85.2,0.0,0,baseline,115,1622.8,0.0,502.0,112.0,492.0,2728.7,276.5984,200.5114,2260.463,140.8453,18782.4,690.0,6.5,0,0,0,30.0,51.4,427.6,0.0,1.631,0.8,30.0,16.0,1657.9,30.0,60.8,420.0,0.0,2.029,1.5,30.0,16.0,2002.4,30.0,54.8,422.3,0.0,1.87,1.1,30.0,16.0,1532.6
115,05-13 04:45,3,4,45,29.0,84.0,0.0,0,baseline,116,1552.2,0.0,497.4,112.0,492.0,2653.6,277.2618,201.0238,2264.775,141.3031,18782.4,690.0,6.5,0,0,0,30.0,51.6,426.8,0.0,1.625,0.8,30.0,16.0,1603.3,30.0,61.4,420.0,0.0,2.029,1.5,30.0,16.0,1885.7,30.0,55.0,422.0,0.0,1.867,1.1,30.0,16.0,1477.9
116,05-13 05:00,3,5,0,28.85,84.5,0.0,0,baseline,117,1480.8,0.0,492.8,112.0,492.0,2577.6,277.9062,201.5172,2268.963,141.7284,18782.4,660.0,6.5,0,0,0,30.0,51.8,426.1,0.0,1.619,0.8,30.0,16.0,1547.5,30.0,61.8,420.0,0.0,2.029,1.5,30.0,16.0,1768.8,30.0,55.2,421.8,0.0,1.863,1.1,30.0,16.0,1422.2
117,05-13 05:15,3,5,15,28.7,85.0,0.0,0,baseline,118,1412.8,0.0,488.2,112.0,492.0,2505.0,278.5324,201.9924,2273.034,142.1417,18782.4,660.0,6.5,0,0,0,30.0,51.8,425.4,0.0,1.612,0.8,30.0,16.0,1491.9,30.0,62.2,420.0,0.0,2.028,1.5,30.0,16.0,1662.6,30.0,55.3,421.5,0.0,1.859,1.1,30.0,16.0,1366.5
118,05-13 05:30,3,5,30,28.55,85.5,0.0,0,baseline,119,1344.6,0.0,487.5,112.0,492.0,2436.1,279.1414,202.4504,2276.993,142.5437,18782.4,660.0,6.5,0,0,0,30.0,52.0,424.9,0.0,1.606,0.8,30.0,16.0,1436.6,30.0,62.7,420.0,0.0,2.028,1.5,30.0,16.0,1555.0,30.0,55.4,421.4,0.0,1.855,1.1,30.0,16.0,1311.1
119,05-13 05:45,3,5,45,28.4,86.0,58.0,0,baseline,120,1276.4,0.0,487.5,112.0,492.0,2367.9,279.7334,202.8914,2280.84,142.9344,18782.4,660.0,6.5,0,0,0,30.0,52.1,424.3,0.0,1.6,0.8,30.0,16.0,1382.0,30.0,63.2,420.0,0.0,2.028,1.5,30.0,16.0,1446.1,30.0,55.6,421.2,0.0,1.851,1.1,30.0,16.0,1256.4
120,05-13 06:00,3,6,0,28.55,85.5,87.0,0,baseline,121,1218.6,0.0,487.5,112.0,492.0,2310.1,280.3109,203.3179,2284.594,143.2809,18782.4,600.0,6.5,0,0,6,30.0,52.3,423.9,0.0,1.598,0.8,30.0,16.0,1346.6,30.0,63.9,420.0,0.0,2.03,1.5,30.0,16.0,1348.3,30.0,55.8,421.0,0.0,1.848,1.1,30.0,16.0,1204.5
121,05-13 06:15,3,6,15,28.7,85.0,116.0,1,baseline,122,4614.5,0.0,1223.2,2016.0,3028.0,10881.6,283.0313,204.7773,2302.277,144.9131,18782.4,600.0,6.5,0,1,4,28.5,53.7,423.3,0.0,1.225,0.8,28.5,17.5,3890.1,28.53,67.7,619.5,12.0,1.759,1.5,28.5,17.5,7571.7,28.48,57.5,420.9,0.0,1.573,1.1,28.5,17.5,3304.5
122,05-13 06:30,3,6,30,28.85,84.5,160.2,1,baseline,123,7744.1,0.0,1853.5,2016.0,3028.0,14641.6,286.6917,207.1767,2326.069,147.1094,18782.4,600.0,6.5,0,0,4,26.99,53.7,423.0,0.0,0.828,0.8,27.0,19.0,5568.8,24.07,67.7,690.0,12.0,0.875,1.5,24.0,21.0,13874.7,26.98,57.2,420.8,0.0,1.288,1.1,27.0,19.0,5337.7
123,05-13 06:45,3,6,45,29.0,84.0,204.5,1,baseline,124,9273.9,0.0,1950.0,2016.0,3028.0,16267.9,290.7587,209.9827,2352.505,149.5496,18782.4,600.0,6.5,0,0,0,25.56,54.2,422.8,0.0,0.44,0.8,25.5,20.5,7155.4,24.0,62.2,716.9,12.0,0.809,1.5,24.0,21.0,15452.1,25.55,56.8,420.7,0.0,1.002,1.1,25.5,20.5,7069.1
124,05-13 07:00,3,7,0,29.5,81.8,248.8,1,baseline,125,9669.4,0.0,1950.0,2016.0,3028.0,16663.4,294.9246,212.8876,2385.832,151.7158,18782.4,520.0,8.0,0,0,0,24.08,55.0,422.5,0.0,0.035,0.8,24.0,21.0,8183.3,24.0,60.4,788.8,12.0,0.777,1.5,24.0,21.0,14639.2,24.07,56.5,420.6,0.0,0.702,1.1,24.0,21.0,8119.6
125,05-13 07:15,3,7,15,30.0,79.5,293.0,1,baseline,126,9425.8,0.0,1950.0,2016.0,3100.0,16491.8,299.0475,215.7315,2418.815,153.8598,18782.4,520.0,8.0,0,0,0,24.0,53.7,422.3,0.0,-0.024,0.8,24.0,21.0,7729.3,24.0,59.7,822.9,12.0,0.764,1.5,24.0,21.0,14593.4,24.0,55.0,436.0,2.4,0.655,1.1,24.0,21.0,7840.0
126,05-13 07:30,3,7,30,30.5,77.2,318.8,1,baseline,127,9690.0,0.0,1950.0,2016.0,3100.0,16756.0,303.2365,218.6415,2452.327,156.038,18782.4,520.0,8.0,0,0,0,24.0,52.7,422.1,0.0,-0.045,0.8,24.0,21.0,8385.8,24.0,60.0,854.7,12.0,0.759,1.5,24.0,21.0,14451.2,24.0,54.7,455.3,2.4,0.641,1.1,24.0,21.0,8171.0
127,05-13 07:45,3,7,45,31.0,75.0,344.5,1,baseline,128,9533.9,0.0,1950.0,2016.0,3100.0,16599.9,307.3865,221.5125,2485.527,158.196,18782.4,520.0,8.0,0,0,0,24.0,52.1,421.9,0.0,-0.059,0.8,24.0,21.0,8124.1,24.0,60.3,874.2,12.0,0.756,1.5,24.0,21.0,14527.8,24.0,55.1,473.6,2.4,0.633,1.1,24.0,21.0,7856.4
128,05-13 08:00,3,8,0,31.15,76.2,370.2,1,baseline,129,9553.9,0.0,1950.0,2016.0,3100.0,16619.9,311.5415,224.3885,2518.767,160.0242,18782.4,440.0,8.0,0,0,0,24.0,51.6,421.7,0.0,-0.071,0.8,24.0,21.0,8080.9,24.0,60.4,889.5,12.0,0.753,1.5,24.0,21.0,14621.9,24.0,55.4,489.8,2.4,0.626,1.1,24.0,21.0,7869.6
129,05-13 08:15,3,8,15,31.3,77.5,396.0,1,baseline,130,9618.5,0.0,1950.0,2016.0,3100.0,16684.5,315.7126,227.2806,2552.136,161.8595,18782.4,440.0,8.0,0,0,0,24.0,51.3,421.6,0.0,-0.08,0.8,24.0,21.0,8029.2,24.0,60.4,902.2,12.0,0.749,1.5,24.0,21.0,14832.9,24.0,55.5,504.2,2.4,0.62,1.1,24.0,21.0,7917.1
130,05-13 08:30,3,8,30,31.45,78.8,427.0,1,baseline,131,9690.4,0.0,1950.0,2016.0,3100.0,16756.4,319.9017,230.1907,2585.649,163.7027,18782.4,440.0,8.0,0,0,0,24.0,51.2,421.4,0.0,-0.085,0.8,24.0,21.0,7991.4,24.0,60.6,912.4,12.0,0.747,1.5,24.0,21.0,15061.9,24.0,55.6,517.3,2.4,0.615,1.1,24.0,21.0,7955.9
131,05-13 08:45,3,8,45,31.6,80.0,458.0,1,baseline,132,9783.7,0.0,1950.0,2016.0,3100.0,16849.7,324.1141,233.1241,2619.348,165.5562,18782.4,440.0,8.0,0,0,0,24.0,51.5,421.3,0.0,-0.087,0.8,24.0,21.0,7965.7,24.0,60.8,920.4,12.0,0.747,1.5,24.0,21.0,15329.1,24.0,55.8,529.1,2.4,0.612,1.1,24.0,21.0,8012.9
132,05-13 09:00,3,9,0,31.95,76.8,489.0,1,baseline,133,9897.7,0.0,1950.0,2016.0,3100.0,16963.7,328.3551,236.0861,2653.276,167.1677,18782.4,380.0,8.0,0,0,0,24.0,52.0,421.2,0.0,-0.085,0.8,24.0,21.0,7952.4,24.0,61.0,926.6,12.0,0.746,1.5,24.0,21.0,15625.2,24.0,56.0,539.8,2.4,0.61,1.1,24.0,21.0,8095.1
133,05-13 09:15,3,9,15,32.3,73.5,520.0,1,baseline,134,10037.6,0.0,1950.0,2016.0,3214.0,17217.6,332.6594,239.0829,2687.711,168.8034,18782.4,380.0,8.0,0,0,0,24.0,52.6,446.4,5.7,-0.079,0.8,24.0,21.0,8511.5,24.0,61.1,931.6,12.0,0.747,1.5,24.0,21.0,15525.7,24.0,56.2,549.4,2.4,0.609,1.1,24.0,21.0,8083.0
134,05-13 09:30,3,9,30,32.65,70.2,548.0,1,baseline,135,9991.6,0.0,1950.0,2016.0,3214.0,17171.6,336.9524,242.0684,2722.054,170.4347,18782.4,380.0,8.0,0,0,0,24.0,53.0,479.1,5.7,-0.074,0.8,24.0,21.0,8553.5,24.0,61.0,935.5,12.0,0.746,1.5,24.0,21.0,15376.6,24.0,56.1,558.1,2.4,0.608,1.1,24.0,21.0,8043.1
135,05-13 09:45,3,9,45,33.0,67.0,576.0,1,baseline,136,9926.5,0.0,1950.0,2016.0,3214.0,17106.5,341.229,245.0375,2756.267,172.0598,18782.4,380.0,8.0,0,0,0,24.0,53.1,510.0,5.7,-0.07,0.8,24.0,21.0,8607.7,24.0,60.8,938.7,12.0,0.746,1.5,24.0,21.0,15184.0,24.0,55.9,566.0,2.4,0.607,1.1,24.0,21.0,7973.0
136,05-13 10:00,3,10,0,33.25,66.0,604.0,1,baseline,137,9854.5,0.0,1950.0,2016.0,3214.0,17034.5,345.4876,247.9886,2790.336,173.5077,18782.4,340.0,8.0,0,0,0,24.0,52.8,537.5,5.7,-0.066,0.8,24.0,21.0,8673.8,24.0,60.5,941.3,12.0,0.747,1.5,24.0,21.0,14971.0,24.0,55.7,573.0,2.4,0.608,1.1,24.0,21.0,7889.5
137,05-13 10:15,3,10,15,33.5,65.0,632.0,1,baseline,138,9833.1,0.0,1950.0,2016.0,3190.0,16989.1,349.7348,250.9343,2824.314,174.9518,18782.4,340.0,8.0,0,0,0,24.0,52.4,562.2,5.7,-0.062,0.8,24.0,21.0,8739.8,24.0,60.2,935.1,10.8,0.748,1.5,24.0,21.0,14854.8,24.0,55.5,579.4,2.4,0.609,1.1,24.0,21.0,7871.2
138,05-13 10:30,3,10,30,33.75,64.0,630.5,1,baseline,139,9864.5,0.0,1950.0,2016.0,3190.0,17020.5,353.99,253.888,2858.355,176.3985,18782.4,340.0,8.0,0,0,0,24.0,51.9,584.7,5.7,-0.057,0.8,24.0,21.0,8817.7,24.0,60.0,927.0,10.8,0.75,1.5,24.0,21.0,14868.0,24.0,55.4,585.1,2.4,0.613,1.1,24.0,21.0,7880.6
139,05-13 10:45,3,10,45,34.0,63.0,629.0,1,baseline,140,9913.7,0.0,1950.0,2016.0,3190.0,17069.7,358.2574,256.8539,2892.494,177.8495,18782.4,340.0,8.0,0,0,0,24.0,51.4,605.2,5.7,-0.052,0.8,24.0,21.0,8898.6,24.0,59.9,920.4,10.8,0.754,1.5,24.0,21.0,14908.9,24.0,55.4,590.2,2.4,0.617,1.1,24.0,21.0,7916.6
140,05-13 11:00,3,11,0,34.15,62.8,627.5,1,baseline,141,9980.3,0.0,1950.0,2016.0,3190.0,17136.3,362.5415,259.8365,2926.767,179.2204,18782.4,320.0,8.0,0,0,0,24.0,50.9,624.1,5.7,-0.046,0.8,24.0,21.0,8988.0,24.0,59.8,915.5,10.8,0.758,1.5,24.0,21.0,14979.4,24.0,55.4,594.8,2.4,0.623,1.1,24.0,21.0,7969.5
141,05-13 11:15,3,11,15,34.3,62.5,626.0,1,baseline,142,10063.6,0.0,1950.0,2016.0,3190.0,17219.6,366.8464,262.8399,2961.206,180.5979,18782.4,320.0,8.0,0,0,0,24.0,50.4,641.2,5.7,-0.039,0.8,24.0,21.0,9075.1,24.0,59.7,911.8,10.8,0.763,1.5,24.0,21.0,15095.7,24.0,55.3,598.9,2.4,0.63,1.1,24.0,21.0,8032.6
142,05-13 11:30,3,11,30,34.45,62.2,624.5,1,baseline,143,10160.3,0.0,1950.0,2016.0,3190.0,17316.3,371.1754,265.8674,2995.838,181.9832,18782.4,320.0,8.0,0,0,0,24.0,49.8,656.9,5.7,-0.031,0.8,24.0,21.0,9172.2,24.0,59.6,908.8,10.8,0.769,1.5,24.0,21.0,15230.0,24.0,55.2,602.5,2.4,0.637,1.1,24.0,21.0,8110.7
143,05-13 11:45,3,11,45,34.6,62.0,623.0,1,baseline,144,10260.9,0.0,1950.0,2016.0,3190.0,17416.9,375.5297,268.9202,3030.672,183.3766,18782.4,320.0,8.0,0,0,0,24.0,49.3,671.2,5.7,-0.023,0.8,24.0,21.0,9263.4,24.0,59.6,906.4,10.8,0.774,1.5,24.0,21.0,15370.5,24.0,55.2,605.8,2.4,0.646,1.1,24.0,21.0,8201.1
144,05-13 12:00,3,12,0,34.95,65.5,621.5,1,baseline,145,10373.5,0.0,1950.0,2016.0,3190.0,17529.5,379.912,272.001,3065.731,184.757,18782.4,315.0,8.0,0,0,0,24.0,48.8,684.3,5.7,-0.014,0.8,24.0,21.0,9368.1,24.0,59.5,904.5,10.8,0.781,1.5,24.0,21.0,15523.9,24.0,55.2,608.7,2.4,0.655,1.1,24.0,21.0,8303.1
145,05-13 12:15,3,12,15,35.3,69.0,620.0,1,baseline,146,10777.0,0.0,1950.0,2016.0,3154.0,17897.0,384.3863,275.1828,3101.525,186.1664,18782.4,315.0,8.0,0,0,0,24.0,48.9,696.2,5.7,0.001,0.8,24.0,21.0,9514.5,24.0,59.8,903.0,10.8,0.789,1.5,24.0,21.0,16424.0,24.0,55.3,603.9,1.2,0.665,1.1,24.0,21.0,8547.9
146,05-13 12:30,3,12,30,35.65,72.5,615.5,1,baseline,147,11247.6,0.0,1950.0,2016.0,3154.0,18367.6,388.9782,278.4822,3138.261,187.6129,18782.4,315.0,8.0,0,0,0,24.0,49.7,707.2,5.7,0.021,0.8,24.0,21.0,9669.3,24.0,60.2,902.0,10.8,0.799,1.5,24.0,21.0,17399.0,24.0,55.5,596.6,1.2,0.677,1.1,24.0,21.0,8924.0
147,05-13 12:45,3,12,45,36.0,76.0,611.0,1,baseline,148,11759.9,0.0,1950.0,2016.0,3154.0,18879.9,393.6982,281.9097,3176.02,189.0997,18879.9,315.0,8.0,0,0,0,24.0,51.0,717.3,5.7,0.047,0.8,24.0,21.0,9834.5,24.0,60.7,901.4,10.8,0.809,1.5,24.0,21.0,18446.4,24.0,56.0,589.8,1.2,0.691,1.1,24.0,21.0,9350.9
148,05-13 13:00,3,13,0,35.25,73.8,606.5,1,baseline,149,12304.6,0.0,1950.0,2016.0,3154.0,19424.6,398.5543,285.4733,3214.87,190.6536,19424.6,320.0,8.0,0,0,0,24.0,52.9,726.5,5.7,0.076,0.8,24.0,21.0,10006.0,24.0,61.1,901.1,10.8,0.82,1.5,24.0,21.0,19543.4,24.0,56.5,584.0,1.2,0.704,1.1,24.0,21.0,9825.4
149,05-13 13:15,3,13,15,34.5,71.5,602.0,1,baseline,150,11715.2,0.0,1950.0,2016.0,2980.0,18661.2,403.2196,288.8896,3252.192,192.1465,19424.6,320.0,8.0,0,0,0,24.0,54.0,723.7,3.0,0.097,0.8,24.0,21.0,9765.6,24.0,60.2,860.1,4.8,0.822,1.5,24.0,21.0,18042.3,24.0,56.4,578.8,1.2,0.715,1.1,24.0,21.0,9680.6
150,05-13 13:30,3,13,30,33.75,69.2,609.8,1,baseline,151,11312.8,0.0,1950.0,2016.0,2980.0,18258.8,407.7843,292.2053,3288.71,193.6072,19424.6,320.0,8.0,0,0,0,24.0,54.2,716.9,3.0,0.111,0.8,24.0,21.0,9777.0,24.0,59.0,811.9,4.8,0.822,1.5,24.0,21.0,16969.3,24.0,56.0,574.2,1.2,0.723,1.1,24.0,21.0,9454.6
151,05-13 13:45,3,13,45,33.0,67.0,617.5,1,baseline,152,10880.5,0.0,1950.0,2016.0,2980.0,17826.5,412.2409,295.4129,3324.363,195.0334,19424.6,320.0,8.0,0,0,0,24.0,53.6,710.4,3.0,0.119,0.8,24.0,21.0,9790.0,24.0,58.1,772.6,4.8,0.825,1.5,24.0,21.0,15879.0,24.0,55.3,570.0,1.2,0.73,1.1,24.0,21.0,9148.6
152,05-13 14:00,3,14,0,33.05,66.8,625.2,1,baseline,153,10473.6,0.0,1950.0,2016.0,2980.0,17419.6,416.5958,298.5188,3359.202,196.5576,19424.6,350.0,8.0,0,0,0,24.0,52.3,704.7,3.0,0.123,0.8,24.0,21.0,9802.7,24.0,57.4,742.9,4.8,0.828,1.5,24.0,21.0,14895.3,24.0,54.7,566.1,1.2,0.737,1.1,24.0,21.0,8817.4
153,05-13 14:15,3,14,15,33.1,66.5,633.0,1,baseline,154,10859.7,0.0,1950.0,2016.0,3208.0,18033.7,421.1043,301.7213,3395.269,198.1355,19424.6,350.0,8.0,0,0,0,24.0,50.9,709.5,5.4,0.128,0.8,24.0,21.0,10148.8,24.0,58.0,763.6,11.4,0.839,1.5,24.0,21.0,15502.1,24.0,54.2,572.2,2.8,0.745,1.1,24.0,21.0,9100.3
154,05-13 14:30,3,14,30,33.15,66.2,624.0,1,baseline,155,11015.5,0.0,1950.0,2016.0,3208.0,18189.5,425.6516,304.9626,3431.648,199.7271,19424.6,350.0,8.0,0,0,0,24.0,49.5,717.4,5.4,0.132,0.8,24.0,21.0,10270.1,24.0,58.7,796.1,11.4,0.849,1.5,24.0,21.0,15757.8,24.0,53.7,581.2,2.8,0.752,1.1,24.0,21.0,9221.5
155,05-13 14:45,3,14,45,33.2,66.0,615.0,1,baseline,156,11167.5,0.0,1950.0,2016.0,3208.0,18341.5,430.237,308.242,3468.331,201.332,19424.6,350.0,8.0,0,0,0,24.0,48.3,724.9,5.4,0.136,0.8,24.0,21.0,10382.0,24.0,58.8,822.9,11.4,0.857,1.5,24.0,21.0,16017.3,24.0,53.2,589.7,2.8,0.758,1.1,24.0,21.0,9336.8
156,05-13 15:00,3,15,0,33.15,66.2,606.0,1,baseline,157,11279.2,0.0,1950.0,2016.0,3208.0,18453.2,434.8503,311.5493,3505.238,203.2696,19424.6,420.0,8.0,0,0,0,24.0,47.0,731.4,5.4,0.139,0.8,24.0,21.0,10487.5,24.0,58.7,842.7,11.4,0.862,1.5,24.0,21.0,16159.0,24.0,52.7,597.0,2.8,0.764,1.1,24.0,21.0,9446.9
157,05-13 15:15,3,15,15,33.1,66.5,597.0,1,baseline,158,11363.1,0.0,1950.0,2016.0,3208.0,18537.1,439.4846,314.8776,3542.312,205.216,19424.6,420.0,8.0,0,0,0,24.0,46.0,737.4,5.4,0.143,0.8,24.0,21.0,10576.3,24.0,58.6,858.0,11.4,0.868,1.5,24.0,21.0,16244.1,24.0,52.3,603.5,2.8,0.77,1.1,24.0,21.0,9541.4
158,05-13 15:30,3,15,30,33.05,66.8,540.8,1,baseline,159,11349.6,0.0,1950.0,2016.0,3208.0,18523.6,444.1155,318.2025,3579.359,207.1609,19424.6,420.0,8.0,0,0,0,24.0,45.3,742.9,5.4,0.149,0.8,24.0,21.0,10384.7,24.0,58.6,870.4,11.4,0.873,1.5,24.0,21.0,16302.7,24.0,51.8,609.5,2.8,0.775,1.1,24.0,21.0,9631.3
159,05-13 15:45,3,15,45,33.0,67.0,484.5,1,baseline,160,11354.2,0.0,1950.0,2016.0,3208.0,18528.2,448.7475,321.5285,3616.415,209.1064,19424.6,420.0,8.0,0,0,0,24.0,45.2,748.0,5.4,0.157,0.8,24.0,21.0,10261.6,24.0,58.6,880.6,11.4,0.878,1.5,24.0,21.0,16355.7,24.0,51.4,614.9,2.8,0.78,1.1,24.0,21.0,9716.2
160,05-13 16:00,3,16,0,33.0,66.0,428.2,1,baseline,161,11394.4,0.0,1950.0,2016.0,3208.0,18568.4,453.3896,324.8646,3653.552,211.5203,19424.6,520.0,8.0,0,0,0,24.0,45.3,752.7,5.4,0.166,0.8,24.0,21.0,10259.6,24.0,58.5,888.9,11.4,0.882,1.5,24.0,21.0,16406.6,24.0,50.9,619.8,2.8,0.785,1.1,24.0,21.0,9795.8
161,05-13 16:15,3,16,15,33.0,65.0,372.0,1,baseline,162,11392.2,0.0,1950.0,2016.0,3208.0,18566.2,458.0312,328.2002,3690.684,213.9339,19424.6,520.0,8.0,0,0,0,24.0,45.2,757.1,5.4,0.173,0.8,24.0,21.0,10272.8,24.0,58.4,895.6,11.4,0.886,1.5,24.0,21.0,16308.4,24.0,50.3,624.3,2.8,0.788,1.1,24.0,21.0,9873.9
162,05-13 16:30,3,16,30,33.0,64.0,327.2,1,baseline,163,11380.3,0.0,1950.0,2016.0,3208.0,18554.3,462.6697,331.5327,3727.793,216.346,19424.6,520.0,8.0,0,0,0,24.0,45.1,761.1,5.4,0.179,0.8,24.0,21.0,10273.9,24.0,58.3,901.0,11.4,0.889,1.5,24.0,21.0,16198.7,24.0,49.5,628.4,2.8,0.789,1.1,24.0,21.0,9944.4
163,05-13 16:45,3,16,45,33.0,63.0,282.5,1,baseline,164,11355.0,0.0,1950.0,2016.0,3208.0,18529.0,467.302,334.859,3764.851,218.7547,19424.6,520.0,8.0,0,0,0,24.0,45.0,764.8,5.4,0.184,0.8,24.0,21.0,10252.7,24.0,58.1,905.4,11.4,0.891,1.5,24.0,21.0,16077.6,24.0,48.6,632.1,2.8,0.789,1.1,24.0,21.0,10005.6
164,05-13 17:00,3,17,0,33.05,63.0,237.8,1,baseline,165,11317.9,0.0,1950.0,2016.0,3208.0,18491.9,471.925,338.176,3801.835,221.7134,19424.6,640.0,8.0,0,0,0,24.0,44.9,768.3,5.4,0.187,0.8,24.0,21.0,10214.9,24.0,58.0,909.0,11.4,0.893,1.5,24.0,21.0,15946.3,24.0,47.6,635.5,2.8,0.787,1.1,24.0,21.0,10056.0
165,05-13 17:15,3,17,15,33.1,63.0,193.0,1,baseline,166,11341.3,0.0,1950.0,2016.0,3208.0,18515.3,476.5538,341.4988,3838.865,224.6759,19424.6,640.0,8.0,0,0,0,24.0,44.8,771.5,5.4,0.189,0.8,24.0,21.0,10225.7,24.0,57.9,911.8,11.4,0.894,1.5,24.0,21.0,15965.2,24.0,46.6,638.6,2.8,0.784,1.1,24.0,21.0,10101.4
166,05-13 17:30,3,17,30,33.15,63.0,148.0,1,baseline,167,11334.7,0.0,1950.0,2016.0,3208.0,18508.7,481.181,344.82,3875.883,227.6373,19424.6,640.0,8.0,0,0,0,24.0,44.8,774.4,5.4,0.189,0.8,24.0,21.0,10242.0,24.0,57.9,914.0,11.4,0.895,1.5,24.0,21.0,15999.9,24.0,45.8,641.4,2.8,0.782,1.1,24.0,21.0,10029.2
167,05-13 17:45,3,17,45,33.2,63.0,103.0,1,baseline,168,11308.6,0.0,1950.0,2016.0,3208.0,18482.6,485.8016,348.1346,3912.848,230.5945,19424.6,640.0,8.0,0,0,0,24.0,44.7,777.1,5.4,0.189,0.8,24.0,21.0,10261.2,24.0,57.9,915.7,11.4,0.895,1.5,24.0,21.0,16045.7,24.0,45.5,644.0,2.8,0.78,1.1,24.0,21.0,9880.6
168,05-13 18:00,3,18,0,32.65,64.8,58.0,1,baseline,169,11309.4,0.0,1950.0,2016.0,3208.0,18483.4,490.4225,351.4495,3965.988,234.1063,19424.6,760.0,11.5,1,0,0,24.0,44.7,779.6,5.4,0.186,0.8,24.0,21.0,10273.2,24.0,57.9,916.9,11.4,0.894,1.5,24.0,21.0,16088.0,24.0,45.4,646.3,2.8,0.779,1.1,24.0,21.0,9828.8
169,05-13 18:15,3,18,15,32.1,66.5,0.0,1,baseline,170,10466.6,0.0,1950.0,2016.0,1250.0,15682.6,494.3431,354.5536,4011.075,237.086,19424.6,760.0,11.5,1,0,0,24.0,44.6,766.1,1.5,0.178,0.8,24.0,21.0,9572.0,24.0,56.8,866.3,3.6,0.884,1.5,24.0,21.0,14596.4,24.0,45.2,632.3,0.0,0.776,1.1,24.0,21.0,9324.7
170,05-13 18:30,3,18,30,31.55,68.2,0.0,1,baseline,171,10224.0,0.0,1950.0,2016.0,1250.0,15440.0,498.2031,357.5971,4055.465,240.0196,19424.6,760.0,11.5,1,0,0,24.0,44.5,747.9,1.5,0.169,0.8,24.0,21.0,9414.7,24.0,55.8,806.3,3.6,0.875,1.5,24.0,21.0,14131.1,24.0,45.0,613.6,0.0,0.772,1.1,24.0,21.0,9171.0
171,05-13 18:45,3,18,45,31.0,70.0,0.0,1,baseline,172,9995.7,0.0,1950.0,2016.0,1250.0,15211.7,502.006,360.5835,4099.199,242.9099,19424.6,760.0,11.5,1,0,0,24.0,44.5,730.7,1.5,0.162,0.8,24.0,21.0,9270.4,24.0,55.5,756.9,3.6,0.87,1.5,24.0,21.0,13701.0,24.0,44.9,596.0,0.0,0.768,1.1,24.0,21.0,9014.7
172,05-13 19:00,3,19,0,30.75,69.0,0.0,1,baseline,173,9823.8,0.0,1950.0,2016.0,1250.0,15039.8,505.766,363.527,4142.438,245.8802,19424.6,790.0,11.5,1,0,7,24.0,44.6,715.2,1.5,0.154,0.8,24.0,21.0,9148.1,24.0,55.5,719.3,3.6,0.866,1.5,24.0,21.0,13403.2,24.0,45.0,580.3,0.0,0.764,1.1,24.0,21.0,8885.0
173,05-13 19:15,3,19,15,30.5,68.0,0.0,0,baseline,174,5165.5,0.0,1369.2,448.0,1148.0,8130.7,507.7987,365.1607,4165.814,247.486,19424.6,790.0,11.5,1,0,0,25.25,41.8,686.3,0.0,0.441,0.8,25.3,19.5,6537.9,25.44,51.3,657.1,0.0,1.12,1.5,25.5,19.5,7752.2,28.38,35.8,561.6,0.0,1.509,1.1,30.0,16.0,2239.4
174,05-13 19:30,3,19,30,30.25,67.0,0.0,0,baseline,175,2418.7,0.0,641.1,448.0,1148.0,4655.8,508.9626,365.9256,4179.2,248.4056,19424.6,790.0,11.5,1,0,0,28.9,34.7,656.9,0.0,1.317,0.8,30.0,16.0,2564.4,28.97,44.5,602.3,0.0,1.777,1.5,30.0,16.0,3318.0,30.0,38.1,544.0,0.0,1.825,1.1,30.0,16.0,1857.2
175,05-13 19:45,3,19,45,30.0,66.0,0.0,0,baseline,176,2155.6,0.0,571.4,448.0,1148.0,4323.0,510.0434,366.6074,4191.628,249.2594,19424.6,790.0,11.5,1,0,0,29.97,35.6,650.0,0.0,1.61,0.8,30.0,16.0,2104.8,29.98,45.4,590.5,0.0,1.984,1.5,30.0,16.0,2870.8,30.0,38.8,539.8,0.0,1.842,1.1,30.0,16.0,1922.3
176,05-13 20:00,3,20,0,29.85,69.2,0.0,0,baseline,177,2109.0,0.0,559.7,448.0,1148.0,4264.7,511.1096,367.2746,4203.889,250.091,19424.6,780.0,11.5,1,0,0,30.0,36.0,644.9,0.0,1.637,0.8,30.0,16.0,2231.5,30.0,45.8,584.2,0.0,1.999,1.5,30.0,16.0,2859.1,30.0,39.2,537.0,0.0,1.855,1.1,30.0,16.0,1658.2
177,05-13 20:15,3,20,15,29.7,72.5,0.0,0,baseline,178,2004.3,0.0,553.3,448.0,492.0,3497.7,511.984,367.914,4213.945,250.773,19424.6,780.0,11.5,1,0,0,30.0,37.1,625.6,0.0,1.651,0.8,30.0,16.0,1939.0,30.0,46.4,553.3,0.0,2.004,1.5,30.0,16.0,2601.5,30.0,40.4,525.6,0.0,1.865,1.1,30.0,16.0,1873.4
178,05-13 20:30,3,20,30,29.55,75.8,0.0,0,baseline,179,2158.7,0.0,573.1,448.0,492.0,3671.8,512.9019,368.5969,4224.502,251.489,19424.6,780.0,11.5,1,0,0,30.0,38.2,606.0,0.0,1.663,0.8,30.0,16.0,2107.7,30.0,46.9,523.8,0.0,2.007,1.5,30.0,16.0,2856.9,30.0,41.6,514.1,0.0,1.875,1.1,30.0,16.0,1943.4
179,05-13 20:45,3,20,45,29.4,79.0,0.0,0,baseline,180,2205.1,0.0,584.5,448.0,492.0,3729.7,513.8343,369.2943,4235.224,252.2163,19424.6,780.0,11.5,1,0,0,30.0,39.5,588.0,0.0,1.673,0.8,30.0,16.0,2102.2,30.0,47.4,499.7,0.0,2.01,1.5,30.0,16.0,2944.1,30.0,42.8,503.5,0.0,1.883,1.1,30.0,16.0,2010.2
180,05-13 21:00,3,21,0,29.3,79.0,0.0,0,baseline,181,2250.7,0.0,596.6,448.0,492.0,3787.3,514.7812,370.0062,4246.113,252.9359,19424.6,760.0,11.5,1,0,0,30.0,40.8,571.8,0.0,1.684,0.8,30.0,16.0,2116.1,30.0,48.1,481.3,0.0,2.013,1.5,30.0,16.0,3019.4,30.0,43.9,494.2,0.0,1.889,1.1,30.0,16.0,2066.8
181,05-13 21:15,3,21,15,29.2,79.0,0.0,0,baseline,182,2193.0,0.0,581.3,112.0,492.0,3378.3,515.6257,370.6997,4255.825,253.5778,19424.6,760.0,11.5,1,0,0,30.0,42.1,557.3,0.0,1.691,0.8,30.0,16.0,2099.1,30.0,48.9,467.4,0.0,2.016,1.5,30.0,16.0,2884.5,30.0,45.0,486.0,0.0,1.894,1.1,30.0,16.0,2033.9
182,05-13 21:30,3,21,30,29.1,79.0,0.0,0,baseline,183,2181.7,0.0,581.4,112.0,492.0,3367.1,516.4675,371.3905,4265.506,254.2175,19424.6,760.0,11.5,1,0,0,30.0,43.0,544.2,0.0,1.695,0.8,30.0,16.0,2119.1,30.0,49.6,456.7,0.0,2.018,1.5,30.0,16.0,2829.9,30.0,45.7,478.7,0.0,1.897,1.1,30.0,16.0,2032.4
183,05-13 21:45,3,21,45,29.0,79.0,0.0,0,baseline,184,2160.0,0.0,580.5,112.0,492.0,3344.5,517.3036,372.0756,4275.121,254.853,19424.6,760.0,11.5,1,0,0,30.0,43.8,532.2,0.0,1.697,0.8,30.0,16.0,2121.8,30.0,50.1,448.4,0.0,2.019,1.5,30.0,16.0,2771.4,30.0,46.3,472.2,0.0,1.897,1.1,30.0,16.0,2018.8
184,05-13 22:00,3,22,0,29.0,79.0,0.0,0,baseline,185,2129.1,0.0,577.5,112.0,492.0,3310.6,518.1313,372.7523,4280.501,255.4654,19424.6,740.0,6.5,0,0,0,30.0,44.3,521.4,0.0,1.696,0.8,30.0,16.0,2109.1,30.0,50.5,442.0,0.0,2.019,1.5,30.0,16.0,2709.2,30.0,46.8,466.4,0.0,1.897,1.1,30.0,16.0,1994.9
185,05-13 22:15,3,22,15,29.0,79.0,0.0,0,baseline,186,2108.6,0.0,574.7,112.0,492.0,3287.3,518.9531,373.4231,4285.843,256.0736,19424.6,740.0,6.5,0,0,0,30.0,44.7,511.6,0.0,1.693,0.8,30.0,16.0,2096.0,30.0,50.7,437.0,0.0,2.017,1.5,30.0,16.0,2676.5,30.0,47.1,461.2,0.0,1.895,1.1,30.0,16.0,1975.0
186,05-13 22:30,3,22,30,29.0,79.0,0.0,0,baseline,187,2083.6,0.0,571.0,112.0,492.0,3258.6,519.7678,374.0868,4291.138,256.6764,19424.6,740.0,6.5,0,0,0,30.0,45.0,502.7,0.0,1.689,0.8,30.0,16.0,2075.7,30.0,51.0,433.1,0.0,2.016,1.5,30.0,16.0,2641.8,30.0,47.4,456.6,0.0,1.893,1.1,30.0,16.0,1950.0
187,05-13 22:45,3,22,45,29.0,79.0,0.0,0,baseline,188,2055.7,0.0,566.6,112.0,492.0,3226.2,520.5743,374.7423,4296.381,257.2733,19424.6,740.0,6.5,0,0,0,30.0,45.2,494.6,0.0,1.685,0.8,30.0,16.0,2050.7,30.0,51.2,430.1,0.0,2.014,1.5,30.0,16.0,2605.7,30.0,47.7,452.5,0.0,1.89,1.1,30.0,16.0,1921.8
188,05-13 23:00,3,23,0,28.95,79.8,0.0,0,baseline,189,2025.5,0.0,561.7,112.0,492.0,3191.2,521.3721,375.3891,4301.566,257.8517,19424.6,725.0,6.5,0,0,0,30.0,45.5,487.3,0.0,1.681,0.8,30.0,16.0,2022.3,30.0,51.4,427.8,0.0,2.012,1.5,30.0,16.0,2568.2,30.0,47.9,448.8,0.0,1.888,1.1,30.0,16.0,1891.2
189,05-13 23:15,3,23,15,28.9,80.5,0.0,0,baseline,190,1999.0,0.0,556.7,112.0,492.0,3159.6,522.162,376.028,4306.701,258.4244,19424.6,725.0,6.5,0,0,0,30.0,45.7,480.7,0.0,1.675,0.8,30.0,16.0,1992.0,30.0,51.6,426.0,0.0,2.01,1.5,30.0,16.0,2544.0,30.0,48.1,445.5,0.0,1.884,1.1,30.0,16.0,1860.7
190,05-13 23:30,3,23,30,28.85,81.2,0.0,0,baseline,191,1971.5,0.0,551.5,112.0,492.0,3127.0,522.9438,376.6588,4311.782,258.9911,19424.6,725.0,6.5,0,0,0,30.0,45.9,474.7,0.0,1.669,0.8,30.0,16.0,1960.5,30.0,51.9,424.6,0.0,2.009,1.5,30.0,16.0,2518.7,30.0,48.4,442.6,0.0,1.881,1.1,30.0,16.0,1829.6
191,05-13 23:45,3,23,45,28.8,82.0,0.0,0,baseline,192,1937.9,0.0,546.2,112.0,492.0,3088.2,523.7158,377.2798,4316.8,259.5509,19424.6,725.0,6.5,0,0,0,30.0,46.2,469.3,0.0,1.664,0.8,30.0,16.0,1928.6,30.0,52.2,423.5,0.0,2.007,1.5,30.0,16.0,2474.4,30.0,48.7,440.0,0.0,1.878,1.1,30.0,16.0,1798.5
192,05-14 00:00,4,0,0,28.85,80.0,0.0,0,baseline,193,1901.9,0.0,541.0,112.0,492.0,3046.9,524.4776,377.8906,4321.752,260.0917,19424.6,710.0,6.5,0,0,0,30.0,46.4,464.4,0.0,1.659,0.8,30.0,16.0,1896.3,30.0,52.7,422.7,0.0,2.007,1.5,30.0,16.0,2422.5,30.0,49.0,437.7,0.0,1.876,1.1,30.0,16.0,1767.3
193,05-14 00:15,4,0,15,28.9,78.0,0.0,0,baseline,194,1831.1,0.0,532.6,112.0,492.0,2967.7,525.2195,378.4815,4326.574,260.6184,19424.6,710.0,6.5,0,0,0,30.0,46.8,459.9,0.0,1.654,0.8,30.0,16.0,1845.9,30.0,53.2,422.1,0.0,2.007,1.5,30.0,16.0,2296.9,30.0,49.3,435.7,0.0,1.873,1.1,30.0,16.0,1716.7
194,05-14 00:30,4,0,30,28.95,76.0,0.0,0,baseline,195,1758.2,0.0,523.8,112.0,492.0,2885.9,525.9409,379.0519,4331.264,261.1307,19424.6,710.0,6.5,0,0,0,30.0,47.0,455.9,0.0,1.648,0.8,30.0,16.0,1792.3,30.0,53.6,421.6,0.0,2.006,1.5,30.0,16.0,2170.4,30.0,49.6,433.9,0.0,1.87,1.1,30.0,16.0,1663.3
195,05-14 00:45,4,0,45,29.0,74.0,0.0,0,baseline,196,1682.8,0.0,514.3,112.0,492.0,2801.1,526.6412,379.6012,4335.816,261.6279,19424.6,710.0,6.5,0,0,0,30.0,47.1,452.3,0.0,1.641,0.8,30.0,16.0,1735.0,30.0,53.8,421.2,0.0,2.004,1.5,30.0,16.0,2043.4,30.0,49.7,432.2,0.0,1.865,1.1,30.0,16.0,1606.6
196,05-14 01:00,4,1,0,29.0,74.0,0.0,0,baseline,197,1605.4,0.0,504.3,112.0,492.0,2713.7,527.3197,380.1287,4340.225,262.1062,19424.6,705.0,6.5,0,0,0,30.0,47.1,449.0,0.0,1.633,0.8,30.0,16.0,1674.5,30.0,54.0,420.9,0.0,2.002,1.5,30.0,16.0,1915.9,30.0,49.6,430.8,0.0,1.86,1.1,30.0,16.0,1546.8
197,05-14 01:15,4,1,15,29.0,74.0,0.0,0,baseline,198,1556.5,0.0,499.5,112.0,492.0,2660.0,527.9847,380.6427,4344.548,262.575,19424.6,705.0,6.5,0,0,0,30.0,47.0,446.0,0.0,1.624,0.8,30.0,16.0,1629.3,30.0,54.1,420.7,0.0,1.999,1.5,30.0,16.0,1849.0,30.0,49.6,429.5,0.0,1.854,1.1,30.0,16.0,1502.7
198,05-14 01:30,4,1,30,29.0,74.0,0.0,0,baseline,199,1507.5,0.0,495.8,112.0,492.0,2607.4,528.6365,381.1435,4348.785,263.0346,19424.6,705.0,6.5,0,0,0,30.0,47.0,443.4,0.0,1.617,0.8,30.0,16.0,1584.3,30.0,54.4,420.5,0.0,1.997,1.5,30.0,16.0,1781.1,30.0,49.6,428.4,0.0,1.849,1.1,30.0,16.0,1458.7
199,05-14 01:45,4,1,45,29.0,74.0,0.0,0,baseline,200,1458.9,0.0,492.3,112.0,492.0,2555.2,529.2753,381.6313,4352.937,263.4849,19424.6,705.0,6.5,0,0,0,30.0,47.1,441.0,0.0,1.609,0.8,30.0,16.0,1540.6,30.0,54.7,420.4,0.0,1.996,1.5,30.0,16.0,1712.0,30.0,49.6,427.4,0.0,1.844,1.1,30.0,16.0,1415.8
200,05-14 02:00,4,2,0,28.65,76.2,0.0,0,baseline,201,1410.7,0.0,488.8,112.0,492.0,2503.6,529.9012,382.1062,4357.005,263.923,19424.6,700.0,6.5,0,0,0,30.0,47.2,438.8,0.0,1.602,0.8,30.0,16.0,1498.3,30.0,55.1,420.3,0.0,1.995,1.5,30.0,16.0,1641.9,30.0,49.7,426.5,0.0,1.84,1.1,30.0,16.0,1374.1
201,05-14 02:15,4,2,15,28.3,78.5,0.0,0,baseline,202,1339.8,0.0,487.5,112.0,492.0,2431.3,530.509,382.563,4360.956,264.3485,19424.6,700.0,6.5,0,0,0,30.0,47.3,436.9,0.0,1.595,0.8,30.0,16.0,1440.1,30.0,55.7,420.2,0.0,1.995,1.5,30.0,16.0,1530.7,30.0,49.8,425.8,0.0,1.835,1.1,30.0,16.0,1316.5
202,05-14 02:30,4,2,30,27.95,80.8,0.0,0,baseline,203,1267.6,0.0,487.5,112.0,492.0,2359.1,531.0988,383.0018,4364.79,264.7614,19424.6,700.0,6.5,0,0,0,30.0,47.5,435.1,0.0,1.588,0.8,30.0,16.0,1382.8,30.0,56.4,420.2,0.0,1.996,1.5,30.0,16.0,1413.9,30.0,50.0,425.1,0.0,1.832,1.1,30.0,16.0,1259.5
203,05-14 02:45,4,2,45,27.6,83.0,0.0,0,baseline,204,1194.1,0.0,487.5,112.0,492.0,2285.6,531.6702,383.4222,4368.504,265.1613,19424.6,700.0,6.5,0,0,0,30.0,47.7,433.5,0.0,1.582,0.8,30.0,16.0,1326.4,30.0,57.3,420.1,0.0,1.999,1.5,30.0,16.0,1291.7,30.0,50.3,424.5,0.0,1.829,1.1,30.0,16.0,1203.1
204,05-14 03:00,4,3,0,27.7,82.0,0.0,0,baseline,205,1119.0,0.0,487.5,112.0,492.0,2210.5,532.2228,383.8238,4372.096,265.5482,19424.6,700.0,6.5,0,0,0,30.0,48.1,432.1,0.0,1.577,0.8,30.0,16.0,1270.2,30.0,58.3,420.1,0.0,2.003,1.5,30.0,16.0,1164.0,30.0,50.7,423.9,0.0,1.826,1.1,30.0,16.0,1146.6
205,05-14 03:15,4,3,15,27.8,81.0,0.0,0,baseline,206,1072.5,0.0,487.5,112.0,492.0,2164.0,532.7638,384.2138,4375.612,265.9269,19424.6,700.0,6.5,0,0,0,30.0,48.5,430.8,0.0,1.574,0.8,30.0,16.0,1234.4,30.0,59.5,420.1,0.0,2.007,1.5,30.0,16.0,1087.1,30.0,51.3,423.4,0.0,1.825,1.1,30.0,16.0,1110.7
206,05-14 03:30,4,3,30,27.9,80.0,0.0,0,baseline,207,1025.8,0.0,487.5,112.0,492.0,2117.3,533.2932,384.5922,4379.053,266.2974,19424.6,700.0,6.5,0,0,0,30.0,49.0,429.6,0.0,1.57,0.8,30.0,16.0,1198.0,30.0,60.6,420.1,0.0,2.011,1.5,30.0,16.0,1010.4,30.0,51.7,423.0,0.0,1.824,1.1,30.0,16.0,1074.2
207,05-14 03:45,4,3,45,28.0,79.0,0.0,0,baseline,208,978.9,0.0,487.5,112.0,492.0,2070.4,533.8108,384.9588,4382.418,266.6597,19424.6,700.0,6.5,0,0,0,30.0,49.3,428.6,0.0,1.566,0.8,30.0,16.0,1161.0,30.0,61.5,420.0,0.0,2.014,1.5,30.0,16.0,934.3,30.0,52.2,422.6,0.0,1.822,1.1,30.0,16.0,1037.2
208,05-14 04:00,4,4,0,27.75,80.2,0.0,0,baseline,209,931.9,0.0,487.5,112.0,492.0,2023.4,534.3166,385.3136,4385.706,267.0088,19424.6,690.0,6.5,0,0,0,30.0,49.7,427.7,0.0,1.562,0.8,30.0,16.0,1123.4,30.0,62.3,420.0,0.0,2.016,1.5,30.0,16.0,859.0,30.0,52.5,422.3,0.0,1.819,1.1,30.0,16.0,999.7
209,05-14 04:15,4,4,15,27.5,81.5,0.0,0,baseline,210,856.8,0.0,487.5,112.0,492.0,1948.3,534.8037,385.6497,4388.872,267.3449,19424.6,690.0,6.5,0,0,0,30.0,49.9,426.8,0.0,1.556,0.8,30.0,16.0,1067.3,30.0,63.0,420.0,0.0,2.017,1.5,30.0,16.0,731.6,30.0,52.8,422.0,0.0,1.816,1.1,30.0,16.0,943.0
210,05-14 04:30,4,4,30,27.25,82.8,0.0,0,baseline,211,780.9,0.0,487.5,112.0,492.0,1872.4,535.2718,385.9668,4391.914,267.6679,19424.6,690.0,6.5,0,0,0,30.0,50.2,426.1,0.0,1.551,0.8,30.0,16.0,1011.0,30.0,63.8,420.0,0.0,2.019,1.5,30.0,16.0,602.0,30.0,53.1,421.8,0.0,1.814,1.1,30.0,16.0,886.0
211,05-14 04:45,4,4,45,27.0,84.0,0.0,0,baseline,212,704.3,0.0,487.5,112.0,492.0,1795.8,535.7208,386.2648,4394.832,267.9776,19424.6,690.0,6.5,0,0,0,30.0,50.6,425.4,0.0,1.547,0.8,30.0,16.0,954.7,30.0,64.7,420.0,0.0,2.022,1.5,30.0,16.0,470.1,30.0,53.5,421.6,0.0,1.812,1.1,30.0,16.0,829.0
212,05-14 05:00,4,5,0,27.1,84.8,0.0,0,baseline,213,626.9,0.0,487.5,112.0,492.0,1718.4,536.1504,386.5434,4397.625,268.2612,19424.6,660.0,6.5,0,0,0,30.0,50.9,424.8,0.0,1.542,0.8,30.0,16.0,898.3,30.0,65.8,420.0,0.0,2.026,1.5,30.0,16.0,336.1,30.0,53.9,421.4,0.0,1.81,1.1,30.0,16.0,771.8
213,05-14 05:15,4,5,15,27.2,85.5,0.0,0,baseline,214,613.4,0.0,487.5,112.0,492.0,1704.9,536.5766,386.8186,4400.395,268.5425,19424.6,660.0,6.5,0,0,0,30.0,51.3,424.3,0.0,1.539,0.8,30.0,16.0,881.2,30.0,66.7,420.0,0.0,2.03,1.5,30.0,16.0,325.9,30.0,54.3,421.2,0.0,1.808,1.1,30.0,16.0,755.7
214,05-14 05:30,4,5,30,27.3,86.2,0.0,0,baseline,215,600.6,0.0,487.5,112.0,492.0,1692.1,536.9996,387.0906,4403.145,268.8217,19424.6,660.0,6.5,0,0,0,30.0,51.7,423.8,0.0,1.536,0.8,30.0,16.0,864.9,30.0,67.8,420.0,0.0,2.033,1.5,30.0,16.0,317.0,30.0,54.8,421.0,0.0,1.807,1.1,30.0,16.0,740.1
215,05-14 05:45,4,5,45,27.4,87.0,107.0,0,baseline,216,587.3,0.0,487.5,112.0,492.0,1678.8,537.4193,387.3593,4405.873,269.0987,19424.6,660.0,6.5,0,0,0,30.0,52.2,423.4,0.0,1.534,0.8,30.0,16.0,849.2,30.0,68.8,420.0,0.0,2.037,1.5,30.0,16.0,309.6,30.0,55.4,420.9,0.0,1.806,1.1,30.0,16.0,720.4
216,05-14 06:00,4,6,0,27.55,85.0,160.5,0,baseline,217,583.7,0.0,487.5,112.0,492.0,1675.2,537.8381,387.6271,4408.595,269.35,19424.6,600.0,6.5,0,0,6,30.0,52.8,423.0,0.0,1.536,0.8,30.0,16.0,855.7,30.0,69.8,420.0,0.0,2.041,1.5,30.0,16.0,317.5,30.0,56.0,420.8,0.0,1.807,1.1,30.0,16.0,694.9
217,05-14 06:15,4,6,15,27.7,83.0,214.0,1,baseline,218,3708.5,0.0,983.0,2016.0,3028.0,9735.5,540.272,388.8,4424.415,270.8103,19424.6,600.0,6.5,0,1,4,28.48,54.4,422.6,0.0,1.159,0.8,28.5,17.5,3056.2,28.52,71.5,620.5,12.0,1.755,1.5,28.5,17.5,5998.0,28.44,58.5,420.7,0.0,1.527,1.1,28.5,17.5,2812.9
218,05-14 06:30,4,6,30,27.85,81.0,289.0,1,baseline,219,6862.1,0.0,1728.0,2016.0,3028.0,13634.1,543.6805,390.9475,4446.571,272.8554,19424.6,600.0,6.5,0,0,4,26.98,54.5,422.3,0.0,0.767,0.8,27.0,19.0,4841.6,24.07,69.4,690.8,12.0,0.857,1.5,24.0,21.0,12567.0,26.97,57.8,420.6,0.0,1.246,1.1,27.0,19.0,4550.1
219,05-14 06:45,4,6,45,28.0,79.0,364.0,1,baseline,220,8196.7,0.0,1916.4,2016.0,3028.0,15157.1,547.4698,393.4758,4471.201,275.129,19424.6,600.0,6.5,0,0,0,25.54,54.6,422.2,0.0,0.377,0.8,25.5,20.5,6234.0,24.0,62.7,725.1,12.0,0.787,1.5,24.0,21.0,13916.1,25.54,57.1,420.5,0.0,0.96,1.1,25.5,20.5,6079.3
220,05-14 07:00,4,7,0,28.75,75.8,439.0,1,baseline,221,8788.0,0.0,1950.0,2016.0,3028.0,15782.0,551.4153,396.1603,4502.765,277.1806,19424.6,520.0,8.0,0,0,0,24.07,55.6,422.0,0.0,-0.02,0.8,24.0,21.0,7522.5,24.0,61.1,761.0,12.0,0.757,1.5,24.0,21.0,13155.9,24.07,57.2,420.5,0.0,0.667,1.1,24.0,21.0,7443.2
221,05-14 07:15,4,7,15,29.5,72.5,514.0,1,baseline,222,8519.3,0.0,1950.0,2016.0,3100.0,15585.3,555.3116,398.7776,4533.936,279.2067,19424.6,520.0,8.0,0,0,0,24.0,54.5,421.9,0.0,-0.079,0.8,24.0,21.0,7059.0,24.0,60.7,782.4,12.0,0.741,1.5,24.0,21.0,13071.2,24.0,56.1,436.3,2.4,0.62,1.1,24.0,21.0,7131.6
222,05-14 07:30,4,7,30,30.25,69.2,555.5,1,baseline,223,8900.9,0.0,1950.0,2016.0,3100.0,15966.9,559.3033,401.4903,4565.87,281.2824,19424.6,520.0,8.0,0,0,0,24.0,52.7,421.8,0.0,-0.104,0.8,24.0,21.0,7826.6,24.0,60.0,823.3,12.0,0.732,1.5,24.0,21.0,13059.1,24.0,54.9,456.4,2.4,0.601,1.1,24.0,21.0,7597.1
223,05-14 07:45,4,7,45,31.0,66.0,597.0,1,baseline,224,8706.2,0.0,1950.0,2016.0,3100.0,15772.2,563.2464,404.1544,4597.414,283.3328,19424.6,520.0,8.0,0,0,0,24.0,51.2,421.6,0.0,-0.123,0.8,24.0,21.0,7602.8,24.0,59.9,851.8,12.0,0.727,1.5,24.0,21.0,12998.0,24.0,54.4,475.2,2.4,0.59,1.1,24.0,21.0,7259.2
224,05-14 08:00,4,8,0,31.15,65.5,638.5,1,baseline,225,8709.6,0.0,1950.0,2016.0,3100.0,15775.6,567.1903,406.8193,4628.965,285.0681,19424.6,440.0,8.0,0,0,0,24.0,49.9,421.5,0.0,-0.138,0.8,24.0,21.0,7605.7,24.0,59.9,873.1,12.0,0.723,1.5,24.0,21.0,13032.9,24.0,54.1,491.9,2.4,0.58,1.1,24.0,21.0,7232.2
225,05-14 08:15,4,8,15,31.3,65.0,680.0,1,baseline,226,8665.3,0.0,1950.0,2016.0,3100.0,15731.3,571.1231,409.4731,4660.428,286.7986,19424.6,440.0,8.0,0,0,0,24.0,48.6,421.3,0.0,-0.153,0.8,24.0,21.0,7560.9,24.0,59.8,889.7,12.0,0.72,1.5,24.0,21.0,13005.3,24.0,53.7,506.6,2.4,0.572,1.1,24.0,21.0,7162.8
226,05-14 08:30,4,8,30,31.45,64.5,705.2,1,baseline,227,8638.4,0.0,1950.0,2016.0,3100.0,15704.4,575.0492,412.1202,4691.837,288.526,19424.6,440.0,8.0,0,0,0,24.0,47.4,421.2,0.0,-0.164,0.8,24.0,21.0,7531.4,24.0,59.8,902.8,12.0,0.718,1.5,24.0,21.0,13000.0,24.0,53.4,519.9,2.4,0.566,1.1,24.0,21.0,7111.5
227,05-14 08:45,4,8,45,31.6,64.0,730.5,1,baseline,228,8626.4,0.0,1950.0,2016.0,3100.0,15692.4,578.9723,414.7643,4723.221,290.2522,19424.6,440.0,8.0,0,0,0,24.0,46.4,421.1,0.0,-0.174,0.8,24.0,21.0,7514.3,24.0,59.8,913.0,12.0,0.717,1.5,24.0,21.0,13013.4,24.0,53.2,531.9,2.4,0.562,1.1,24.0,21.0,7076.9
228,05-14 09:00,4,9,0,31.95,62.8,755.8,1,baseline,229,8629.0,0.0,1950.0,2016.0,3100.0,15695.0,582.8961,417.4091,4754.611,291.7432,19424.6,380.0,8.0,0,0,0,24.0,45.5,421.0,0.0,-0.18,0.8,24.0,21.0,7511.3,24.0,59.8,920.9,12.0,0.717,1.5,24.0,21.0,13042.3,24.0,53.0,542.6,2.4,0.56,1.1,24.0,21.0,7059.2
229,05-14 09:15,4,9,15,32.3,61.5,781.0,1,baseline,230,8767.6,0.0,1950.0,2016.0,3214.0,15947.6,586.883,420.0885,4786.507,293.2583,19424.6,380.0,8.0,0,0,0,24.0,45.4,446.7,5.7,-0.177,0.8,24.0,21.0,7835.1,24.0,59.9,927.0,12.0,0.718,1.5,24.0,21.0,13137.1,24.0,52.9,552.2,2.4,0.559,1.1,24.0,21.0,7084.0
230,05-14 09:30,4,9,30,32.65,60.2,802.2,1,baseline,231,8815.2,0.0,1950.0,2016.0,3214.0,15995.2,590.8817,422.7797,4818.497,294.7778,19424.6,380.0,8.0,0,0,0,24.0,45.6,480.4,5.7,-0.17,0.8,24.0,21.0,7852.6,24.0,59.9,931.9,12.0,0.72,1.5,24.0,21.0,13229.8,24.0,52.8,560.9,2.4,0.561,1.1,24.0,21.0,7126.2
231,05-14 09:45,4,9,45,33.0,59.0,823.5,1,baseline,232,8889.6,0.0,1950.0,2016.0,3214.0,16069.6,594.8991,425.4896,4850.636,296.3044,19424.6,380.0,8.0,0,0,0,24.0,45.8,512.0,5.7,-0.163,0.8,24.0,21.0,7940.8,24.0,59.9,935.9,12.0,0.723,1.5,24.0,21.0,13320.3,24.0,52.6,568.6,2.4,0.563,1.1,24.0,21.0,7185.6
232,05-14 10:00,4,10,0,33.25,58.2,844.8,1,baseline,233,8970.5,0.0,1950.0,2016.0,3214.0,16150.5,598.9368,428.2198,4882.937,297.6772,19424.6,340.0,8.0,0,0,0,24.0,45.8,540.1,5.7,-0.154,0.8,24.0,21.0,8028.8,24.0,59.8,939.1,12.0,0.727,1.5,24.0,21.0,13414.5,24.0,52.4,575.6,2.4,0.567,1.1,24.0,21.0,7262.3
233,05-14 10:15,4,10,15,33.5,57.5,866.0,1,baseline,234,9009.4,0.0,1950.0,2016.0,3190.0,16165.4,602.9781,430.9596,4915.268,299.0513,19424.6,340.0,8.0,0,0,0,24.0,45.8,565.2,5.7,-0.144,0.8,24.0,21.0,8103.0,24.0,59.6,933.2,10.8,0.73,1.5,24.0,21.0,13383.4,24.0,52.1,581.8,2.4,0.572,1.1,24.0,21.0,7343.7
234,05-14 10:30,4,10,30,33.75,56.8,872.2,1,baseline,235,9089.4,0.0,1950.0,2016.0,3190.0,16245.4,607.0395,433.7195,4947.759,300.4321,19424.6,340.0,8.0,0,0,0,24.0,45.7,588.0,5.7,-0.132,0.8,24.0,21.0,8179.5,24.0,59.3,925.3,10.8,0.735,1.5,24.0,21.0,13464.6,24.0,51.8,587.3,2.4,0.578,1.1,24.0,21.0,7442.1
235,05-14 10:45,4,10,45,34.0,56.0,878.5,1,baseline,236,9181.8,0.0,1950.0,2016.0,3190.0,16337.8,611.1239,436.5024,4980.434,301.8208,19424.6,340.0,8.0,0,0,0,24.0,45.7,608.7,5.7,-0.118,0.8,24.0,21.0,8263.6,24.0,59.2,918.9,10.8,0.741,1.5,24.0,21.0,13562.3,24.0,51.4,592.3,2.4,0.585,1.1,24.0,21.0,7555.9
236,05-14 11:00,4,11,0,34.3,55.5,884.8,1,baseline,237,9290.9,0.0,1950.0,2016.0,3190.0,16446.9,615.2357,439.3127,5013.328,303.1366,19424.6,320.0,8.0,0,0,0,24.0,45.6,627.6,5.7,-0.104,0.8,24.0,21.0,8358.8,24.0,59.1,914.2,10.8,0.748,1.5,24.0,21.0,13687.2,24.0,51.0,596.7,2.4,0.593,1.1,24.0,21.0,7684.7
237,05-14 11:15,4,11,15,34.6,55.0,891.0,1,baseline,238,9439.8,0.0,1950.0,2016.0,3190.0,16595.8,619.3846,442.1601,5046.52,304.4642,19424.6,320.0,8.0,0,0,0,24.0,45.5,644.7,5.7,-0.088,0.8,24.0,21.0,8483.0,24.0,59.0,910.7,10.8,0.756,1.5,24.0,21.0,13891.3,24.0,50.5,600.6,2.4,0.602,1.1,24.0,21.0,7833.0
238,05-14 11:30,4,11,30,34.9,54.5,886.2,1,baseline,239,9602.5,0.0,1950.0,2016.0,3190.0,16758.5,623.5742,445.0482,5080.037,305.8049,19424.6,320.0,8.0,0,0,0,24.0,45.5,660.3,5.7,-0.072,0.8,24.0,21.0,8618.8,24.0,58.9,907.9,10.8,0.764,1.5,24.0,21.0,14114.3,24.0,50.0,604.1,2.4,0.612,1.1,24.0,21.0,7994.8
239,05-14 11:45,4,11,45,35.2,54.0,881.5,1,baseline,240,9776.1,0.0,1950.0,2016.0,3190.0,16932.1,627.8072,447.9797,5113.901,307.1595,19424.6,320.0,8.0,0,0,0,24.0,45.4,674.4,5.7,-0.054,0.8,24.0,21.0,8763.8,24.0,58.9,905.7,10.8,0.773,1.5,24.0,21.0,14351.1,24.0,49.6,607.3,2.4,0.623,1.1,24.0,21.0,8168.8
240,05-14 12:00,4,12,0,35.4,52.2,876.8,1,baseline,241,9959.4,0.0,1950.0,2016.0,3190.0,17115.4,632.0861,450.9571,5148.132,308.5073,19424.6,315.0,8.0,0,0,0,24.0,45.3,687.2,5.7,-0.035,0.8,24.0,21.0,8917.7,24.0,58.8,903.9,10.8,0.783,1.5,24.0,21.0,14597.8,24.0,49.1,610.0,2.4,0.635,1.1,24.0,21.0,8354.4
241,05-14 12:15,4,12,15,35.6,50.5,872.0,1,baseline,242,10003.3,0.0,1950.0,2016.0,3154.0,17123.3,636.3669,453.9454,5182.378,309.8558,19424.6,315.0,8.0,0,0,0,24.0,45.3,699.0,5.7,-0.014,0.8,24.0,21.0,9001.1,24.0,58.7,902.5,10.8,0.793,1.5,24.0,21.0,14605.0,24.0,48.4,605.1,1.2,0.646,1.1,24.0,21.0,8404.3
242,05-14 12:30,4,12,30,35.8,48.8,872.0,1,baseline,243,10080.6,0.0,1950.0,2016.0,3154.0,17200.6,640.6671,456.9531,5216.779,311.2103,19424.6,315.0,8.0,0,0,0,24.0,45.1,709.6,5.7,0.007,0.8,24.0,21.0,9075.4,24.0,58.4,901.5,10.8,0.803,1.5,24.0,21.0,14585.6,24.0,47.3,597.8,1.2,0.656,1.1,24.0,21.0,8597.0
243,05-14 12:45,4,12,45,36.0,47.0,872.0,1,baseline,244,10135.2,0.0,1950.0,2016.0,3154.0,17255.2,644.9809,459.9744,5251.29,312.5692,19424.6,315.0,8.0,0,0,0,24.0,45.0,719.4,5.7,0.029,0.8,24.0,21.0,9139.1,24.0,58.1,900.8,10.8,0.813,1.5,24.0,21.0,14540.4,24.0,46.1,591.0,1.2,0.665,1.1,24.0,21.0,8753.3
244,05-14 13:00,4,13,0,36.25,50.5,872.0,1,baseline,245,10085.1,0.0,1950.0,2016.0,3154.0,17205.1,649.2821,462.9831,5285.7,313.9456,19424.6,320.0,8.0,0,0,0,24.0,44.9,728.3,5.7,0.052,0.8,24.0,21.0,9199.5,24.0,57.9,900.3,10.8,0.824,1.5,24.0,21.0,14484.1,24.0,45.2,585.1,1.2,0.677,1.1,24.0,21.0,8588.9
245,05-14 13:15,4,13,15,36.5,54.0,872.0,1,baseline,246,10250.9,0.0,1950.0,2016.0,2980.0,17196.9,653.5814,466.0334,5320.094,315.3213,19424.6,320.0,8.0,0,0,0,24.0,44.7,725.3,3.0,0.074,0.8,24.0,21.0,9316.9,24.0,57.0,860.1,4.8,0.831,1.5,24.0,21.0,14700.3,24.0,45.1,580.0,1.2,0.693,1.1,24.0,21.0,8785.8
246,05-14 13:30,4,13,30,36.75,57.5,826.8,1,baseline,247,10695.4,0.0,1950.0,2016.0,2980.0,17641.4,657.9917,469.1947,5355.377,316.7327,19424.6,320.0,8.0,0,0,0,24.0,44.8,718.6,3.0,0.098,0.8,24.0,21.0,9656.3,24.0,56.6,813.3,4.8,0.84,1.5,24.0,21.0,15421.5,24.0,45.4,575.5,1.2,0.711,1.1,24.0,21.0,9147.4
247,05-14 13:45,4,13,45,37.0,61.0,781.5,1,baseline,248,11229.6,0.0,1950.0,2016.0,2980.0,18175.6,662.5356,472.4896,5391.728,318.1867,19424.6,320.0,8.0,0,0,0,24.0,45.1,712.3,3.0,0.123,0.8,24.0,21.0,10057.2,24.0,56.8,775.5,4.8,0.853,1.5,24.0,21.0,16257.8,24.0,45.8,571.4,1.2,0.73,1.1,24.0,21.0,9619.9
248,05-14 14:00,4,14,0,36.85,57.8,736.2,1,baseline,249,11767.8,0.0,1950.0,2016.0,2980.0,18713.8,667.2141,475.9191,5429.155,319.8242,19424.6,350.0,8.0,0,0,0,24.0,45.4,706.8,3.0,0.146,0.8,24.0,21.0,10507.6,24.0,57.3,746.9,4.8,0.866,1.5,24.0,21.0,17245.9,24.0,46.6,567.8,1.2,0.75,1.1,24.0,21.0,9903.4
249,05-14 14:15,4,14,15,36.7,54.5,691.0,1,baseline,250,12001.2,0.0,1950.0,2016.0,3208.0,19175.2,672.0079,479.4069,5467.506,321.502,19424.6,350.0,8.0,0,0,0,24.0,45.5,711.5,5.4,0.166,0.8,24.0,21.0,10714.8,24.0,58.1,766.7,11.4,0.881,1.5,24.0,21.0,17452.8,24.0,46.9,573.6,2.8,0.766,1.1,24.0,21.0,10236.3
250,05-14 14:30,4,14,30,36.55,51.2,643.8,1,baseline,251,11949.3,0.0,1950.0,2016.0,3208.0,19123.3,676.7887,482.8817,5505.752,323.1753,19424.6,350.0,8.0,0,0,0,24.0,45.2,719.1,5.4,0.183,0.8,24.0,21.0,10687.6,24.0,58.3,797.3,11.4,0.892,1.5,24.0,21.0,17164.9,24.0,46.5,582.1,2.8,0.778,1.1,24.0,21.0,10385.1
251,05-14 14:45,4,14,45,36.4,48.0,596.5,1,baseline,252,11747.7,0.0,1950.0,2016.0,3208.0,18921.7,681.5191,486.3061,5543.596,324.8309,19424.6,350.0,8.0,0,0,0,24.0,44.8,726.2,5.4,0.197,0.8,24.0,21.0,10566.6,24.0,58.0,822.4,11.4,0.9,1.5,24.0,21.0,16728.2,24.0,45.7,590.0,2.8,0.787,1.1,24.0,21.0,10297.8
252,05-14 15:00,4,15,0,35.8,50.0,549.2,1,baseline,253,11423.2,0.0,1950.0,2016.0,3208.0,18597.2,686.1684,489.6494,5580.79,326.7836,19424.6,420.0,8.0,0,0,0,24.0,44.3,732.3,5.4,0.209,0.8,24.0,21.0,10390.1,24.0,57.4,841.2,11.4,0.905,1.5,24.0,21.0,16128.1,24.0,45.0,596.9,2.8,0.795,1.1,24.0,21.0,10036.2
253,05-14 15:15,4,15,15,35.2,52.0,502.0,1,baseline,254,11365.2,0.0,1950.0,2016.0,3208.0,18539.2,690.8032,492.9782,5617.869,328.7302,19424.6,420.0,8.0,0,0,0,24.0,44.2,738.0,5.4,0.223,0.8,24.0,21.0,10351.3,24.0,57.2,856.0,11.4,0.912,1.5,24.0,21.0,16069.9,24.0,44.8,603.1,2.8,0.806,1.1,24.0,21.0,9947.3
254,05-14 15:30,4,15,30,34.6,54.0,487.2,1,baseline,255,11353.2,0.0,1950.0,2016.0,3208.0,18527.2,695.435,496.304,5654.923,330.6756,19424.6,420.0,8.0,0,0,0,24.0,44.3,743.1,5.4,0.235,0.8,24.0,21.0,10353.9,24.0,57.2,868.1,11.4,0.919,1.5,24.0,21.0,16036.4,24.0,44.9,608.7,2.8,0.816,1.1,24.0,21.0,9940.1
255,05-14 15:45,4,15,45,34.0,56.0,472.5,1,baseline,256,11372.7,0.0,1950.0,2016.0,3208.0,18546.7,700.0717,499.6347,5692.016,332.623,19424.6,420.0,8.0,0,0,0,24.0,44.4,748.0,5.4,0.247,0.8,24.0,21.0,10386.5,24.0,57.2,878.2,11.4,0.925,1.5,24.0,21.0,16023.8,24.0,45.0,613.9,2.8,0.826,1.1,24.0,21.0,9982.3
256,05-14 16:00,4,16,0,34.0,56.0,457.8,1,baseline,257,11387.9,0.0,1950.0,2016.0,3208.0,18561.9,704.7122,502.9692,5729.14,335.0361,19424.6,520.0,8.0,0,0,0,24.0,44.5,752.5,5.4,0.257,0.8,24.0,21.0,10418.8,24.0,57.3,886.5,11.4,0.931,1.5,24.0,21.0,15998.2,24.0,45.0,618.6,2.8,0.834,1.1,24.0,21.0,10024.2
257,05-14 16:15,4,16,15,34.0,56.0,443.0,1,baseline,258,11450.0,0.0,1950.0,2016.0,3208.0,18624.0,709.3681,506.3191,5766.388,337.4572,19424.6,520.0,8.0,0,0,0,24.0,44.5,756.7,5.4,0.266,0.8,24.0,21.0,10490.3,24.0,57.2,893.3,11.4,0.935,1.5,24.0,21.0,16050.1,24.0,45.0,622.9,2.8,0.841,1.1,24.0,21.0,10099.5
258,05-14 16:30,4,16,30,34.0,56.0,408.2,1,baseline,259,11497.9,0.0,1950.0,2016.0,3208.0,18671.9,714.0361,509.6811,5803.732,339.8845,19424.6,520.0,8.0,0,0,0,24.0,44.4,760.6,5.4,0.273,0.8,24.0,21.0,10545.4,24.0,57.1,898.9,11.4,0.939,1.5,24.0,21.0,16093.0,24.0,45.0,626.9,2.8,0.846,1.1,24.0,21.0,10155.0
259,05-14 16:45,4,16,45,34.0,56.0,373.5,1,baseline,260,11533.8,0.0,1950.0,2016.0,3208.0,18707.8,718.7131,513.0521,5841.148,342.3165,19424.6,520.0,8.0,0,0,0,24.0,44.4,764.2,5.4,0.279,0.8,24.0,21.0,10584.1,24.0,57.1,903.5,11.4,0.941,1.5,24.0,21.0,16128.4,24.0,45.0,630.5,2.8,0.85,1.1,24.0,21.0,10195.7
260,05-14 17:00,4,17,0,33.55,58.0,338.8,1,baseline,261,11560.0,0.0,1950.0,2016.0,3208.0,18734.0,723.3966,516.4296,5878.616,345.314,19424.6,640.0,8.0,0,0,0,24.0,44.4,767.5,5.4,0.282,0.8,24.0,21.0,10611.5,24.0,57.1,907.3,11.4,0.943,1.5,24.0,21.0,16154.7,24.0,44.9,633.8,2.8,0.853,1.1,24.0,21.0,10225.8
261,05-14 17:15,4,17,15,33.1,60.0,304.0,1,baseline,262,11553.8,0.0,1950.0,2016.0,3208.0,18727.8,728.0785,519.8055,5916.071,348.3104,19424.6,640.0,8.0,0,0,0,24.0,44.3,770.6,5.4,0.282,0.8,24.0,21.0,10611.1,24.0,57.0,910.3,11.4,0.943,1.5,24.0,21.0,16127.6,24.0,44.9,636.9,2.8,0.854,1.1,24.0,21.0,10233.6
262,05-14 17:30,4,17,30,32.65,62.0,230.2,1,baseline,263,11546.3,0.0,1950.0,2016.0,3208.0,18720.3,732.7586,523.1796,5953.512,351.3057,19424.6,640.0,8.0,0,0,0,24.0,44.3,773.4,5.4,0.28,0.8,24.0,21.0,10605.9,24.0,57.1,912.6,11.4,0.943,1.5,24.0,21.0,16105.1,24.0,44.8,639.7,2.8,0.854,1.1,24.0,21.0,10237.1
263,05-14 17:45,4,17,45,32.2,64.0,156.5,1,baseline,264,11533.6,0.0,1950.0,2016.0,3208.0,18707.6,737.4355,526.5505,5990.927,354.2989,19424.6,640.0,8.0,0,0,0,24.0,44.3,776.0,5.4,0.277,0.8,24.0,21.0,10591.8,24.0,57.1,914.3,11.4,0.942,1.5,24.0,21.0,16081.4,24.0,44.8,642.2,2.8,0.853,1.1,24.0,21.0,10234.4
264,05-14 18:00,4,18,0,31.9,66.8,82.8,1,baseline,265,11509.2,0.0,1950.0,2016.0,3208.0,18683.2,742.1063,529.9153,6044.641,357.8487,19424.6,760.0,11.5,1,0,0,24.0,44.2,778.4,5.4,0.271,0.8,24.0,21.0,10566.1,24.0,57.2,915.6,11.4,0.94,1.5,24.0,21.0,16042.9,24.0,44.8,644.5,2.8,0.851,1.1,24.0,21.0,10220.4
265,05-14 18:15,4,18,15,31.6,69.5,0.0,1,baseline,266,10840.9,0.0,1950.0,2016.0,1250.0,16056.9,746.1205,533.113,6090.805,360.8995,19424.6,760.0,11.5,1,0,0,24.0,44.2,765.4,1.5,0.262,0.8,24.0,21.0,9963.8,24.0,56.2,866.8,3.6,0.93,1.5,24.0,21.0,14894.9,24.0,44.7,631.2,0.0,0.846,1.1,24.0,21.0,9832.2
266,05-14 18:30,4,18,30,31.3,72.2,0.0,1,baseline,267,10749.5,0.0,1950.0,2016.0,1250.0,15965.5,750.1119,536.2879,6136.706,363.9329,19424.6,760.0,11.5,1,0,0,24.0,44.2,748.0,1.5,0.253,0.8,24.0,21.0,9904.8,24.0,55.4,809.3,3.6,0.921,1.5,24.0,21.0,14719.2,24.0,44.6,613.5,0.0,0.842,1.1,24.0,21.0,9774.4
267,05-14 18:45,4,18,45,31.0,75.0,0.0,1,baseline,268,10685.7,0.0,1950.0,2016.0,1250.0,15901.7,754.0873,539.4468,6182.423,366.9543,19424.6,760.0,11.5,1,0,0,24.0,44.4,731.6,1.5,0.246,0.8,24.0,21.0,9870.3,24.0,55.3,761.7,3.6,0.916,1.5,24.0,21.0,14593.1,24.0,44.8,596.9,0.0,0.838,1.1,24.0,21.0,9731.0
268,05-14 19:00,4,19,0,31.0,75.0,0.0,1,baseline,269,10687.9,0.0,1950.0,2016.0,1250.0,15903.9,758.0633,542.6063,6228.147,370.0953,19424.6,790.0,11.5,1,0,7,24.0,44.6,716.7,1.5,0.238,0.8,24.0,21.0,9863.3,24.0,55.5,725.0,3.6,0.912,1.5,24.0,21.0,14613.2,24.0,45.0,582.1,0.0,0.833,1.1,24.0,21.0,9724.8
269,05-14 19:15,4,19,15,31.0,75.0,0.0,0,baseline,270,5959.4,0.0,1518.0,448.0,1148.0,9073.5,760.3317,544.4757,6254.233,371.8873,19424.6,790.0,11.5,1,0,0,25.07,42.4,687.8,0.0,0.48,0.8,25.1,19.5,7384.1,25.44,51.6,661.6,0.0,1.168,1.5,25.5,19.5,8720.1,28.58,36.2,563.1,0.0,1.613,1.1,30.0,16.0,2966.0
270,05-14 19:30,4,19,30,31.0,75.0,0.0,0,baseline,271,3109.6,0.0,824.3,448.0,1148.0,5529.9,761.7142,545.4592,6270.131,372.9795,19424.6,790.0,11.5,1,0,0,28.96,35.4,658.4,0.0,1.417,0.8,30.0,16.0,3169.0,29.1,45.2,605.9,0.0,1.849,1.5,30.0,16.0,4334.1,30.0,38.8,545.5,0.0,1.897,1.1,30.0,16.0,2447.5
271,05-14 19:45,4,19,45,31.0,75.0,0.0,0,baseline,272,2877.5,0.0,762.7,448.0,1148.0,5236.2,763.0232,546.3692,6285.185,374.0136,19424.6,790.0,11.5,1,0,0,30.0,36.3,651.7,0.0,1.702,0.8,30.0,16.0,2696.7,30.0,46.3,594.4,0.0,2.037,1.5,30.0,16.0,3953.6,30.0,39.9,541.4,0.0,1.916,1.1,30.0,16.0,2557.6
272,05-14 20:00,4,20,0,30.85,76.5,0.0,0,baseline,273,2844.3,0.0,754.0,448.0,1148.0,5194.2,764.3218,547.2688,6300.119,375.0265,19424.6,780.0,11.5,1,0,0,30.0,37.0,646.7,0.0,1.726,0.8,30.0,16.0,2740.5,30.0,46.9,588.0,0.0,2.05,1.5,30.0,16.0,3947.7,30.0,40.5,538.6,0.0,1.93,1.1,30.0,16.0,2413.5
273,05-14 20:15,4,20,15,30.7,78.0,0.0,0,baseline,274,2738.1,0.0,725.8,448.0,492.0,4403.9,765.4228,548.1348,6312.78,375.8853,19424.6,780.0,11.5,1,0,0,30.0,38.5,627.9,0.0,1.743,0.8,30.0,16.0,2468.9,30.0,47.6,557.5,0.0,2.056,1.5,30.0,16.0,3693.3,30.0,42.0,527.5,0.0,1.942,1.1,30.0,16.0,2599.8
274,05-14 20:30,4,20,30,30.55,79.5,0.0,0,baseline,275,2878.4,0.0,763.0,448.0,492.0,4581.3,766.5681,549.0451,6325.952,376.7786,19424.6,780.0,11.5,1,0,0,30.0,39.9,609.0,0.0,1.756,0.8,30.0,16.0,2647.0,30.0,48.2,528.5,0.0,2.058,1.5,30.0,16.0,3885.8,30.0,43.2,516.4,0.0,1.95,1.1,30.0,16.0,2678.0
275,05-14 20:45,4,20,45,30.4,81.0,0.0,0,baseline,276,2901.7,0.0,769.2,448.0,492.0,4610.9,767.7208,549.9628,6339.208,377.6777,19424.6,780.0,11.5,1,0,0,30.0,41.3,591.5,0.0,1.766,0.8,30.0,16.0,2649.8,30.0,48.6,504.7,0.0,2.06,1.5,30.0,16.0,3901.1,30.0,44.2,506.2,0.0,1.955,1.1,30.0,16.0,2734.7
276,05-14 21:00,4,21,0,30.3,81.8,0.0,0,baseline,277,2933.7,0.0,777.6,448.0,492.0,4651.3,768.8836,550.8906,6352.581,378.5615,19424.6,760.0,11.5,1,0,0,30.0,42.4,575.9,0.0,1.772,0.8,30.0,16.0,2715.9,30.0,49.0,486.3,0.0,2.06,1.5,30.0,16.0,3904.0,30.0,45.0,497.2,0.0,1.958,1.1,30.0,16.0,2767.8
277,05-14 21:15,4,21,15,30.2,82.5,0.0,0,baseline,278,2882.9,0.0,764.2,112.0,492.0,4251.1,769.9464,551.8024,6364.802,379.3692,19424.6,760.0,11.5,1,0,0,30.0,43.4,561.6,0.0,1.776,0.8,30.0,16.0,2703.3,30.0,49.6,472.0,0.0,2.061,1.5,30.0,16.0,3788.8,30.0,45.7,489.1,0.0,1.959,1.1,30.0,16.0,2733.2
278,05-14 21:30,4,21,30,30.1,83.2,0.0,0,baseline,279,2877.6,0.0,762.8,112.0,492.0,4244.4,771.0075,552.7125,6377.005,380.1756,19424.6,760.0,11.5,1,0,0,30.0,44.1,548.7,0.0,1.777,0.8,30.0,16.0,2722.3,30.0,50.1,460.9,0.0,2.061,1.5,30.0,16.0,3756.7,30.0,46.3,481.9,0.0,1.959,1.1,30.0,16.0,2729.4
279,05-14 21:45,4,21,45,30.0,84.0,0.0,0,baseline,280,2861.9,0.0,758.6,112.0,492.0,4224.6,772.0637,553.6177,6389.151,380.9783,19424.6,760.0,11.5,1,0,0,30.0,44.7,536.9,0.0,1.775,0.8,30.0,16.0,2723.1,30.0,50.6,452.1,0.0,2.061,1.5,30.0,16.0,3720.7,30.0,46.8,475.4,0.0,1.958,1.1,30.0,16.0,2714.4
280,05-14 22:00,4,22,0,30.25,81.8,0.0,0,baseline,281,2837.8,0.0,752.2,112.0,492.0,4194.0,773.1122,554.5152,6395.966,381.7542,19424.6,740.0,6.5,0,0,0,30.0,45.2,526.1,0.0,1.772,0.8,30.0,16.0,2709.9,30.0,51.1,445.2,0.0,2.06,1.5,30.0,16.0,3680.3,30.0,47.3,469.5,0.0,1.956,1.1,30.0,16.0,2690.6
281,05-14 22:15,4,22,15,30.5,79.5,0.0,0,baseline,282,2808.6,0.0,744.5,112.0,492.0,4157.1,774.1514,555.4034,6402.721,382.5233,19424.6,740.0,6.5,0,0,0,30.0,45.5,516.3,0.0,1.768,0.8,30.0,16.0,2691.6,30.0,51.3,439.7,0.0,2.058,1.5,30.0,16.0,3630.2,30.0,47.5,464.3,0.0,1.953,1.1,30.0,16.0,2665.7
282,05-14 22:30,4,22,30,30.75,77.2,0.0,0,baseline,283,2772.5,0.0,734.9,112.0,492.0,4111.4,775.1793,556.2803,6409.402,383.2839,19424.6,740.0,6.5,0,0,0,30.0,45.6,507.3,0.0,1.762,0.8,30.0,16.0,2664.1,30.0,51.4,435.5,0.0,2.055,1.5,30.0,16.0,3574.7,30.0,47.7,459.6,0.0,1.948,1.1,30.0,16.0,2633.1
283,05-14 22:45,4,22,45,31.0,75.0,0.0,0,baseline,284,2729.8,0.0,723.6,112.0,492.0,4057.4,776.1936,557.1436,6415.995,384.0345,19424.6,740.0,6.5,0,0,0,30.0,45.7,499.2,0.0,1.755,0.8,30.0,16.0,2628.3,30.0,51.4,432.1,0.0,2.051,1.5,30.0,16.0,3513.8,30.0,47.8,455.4,0.0,1.943,1.1,30.0,16.0,2593.2
284,05-14 23:00,4,23,0,30.6,77.0,0.0,0,baseline,285,2681.6,0.0,710.8,112.0,492.0,3996.5,777.1927,557.9917,6422.49,384.7588,19424.6,725.0,6.5,0,0,0,30.0,45.7,491.8,0.0,1.747,0.8,30.0,16.0,2585.7,30.0,51.4,429.4,0.0,2.047,1.5,30.0,16.0,3448.3,30.0,47.8,451.6,0.0,1.937,1.1,30.0,16.0,2547.2
285,05-14 23:15,4,23,15,30.2,79.0,0.0,0,baseline,286,2606.3,0.0,690.9,112.0,492.0,3901.1,778.168,558.816,6428.829,385.4659,19424.6,725.0,6.5,0,0,0,30.0,45.7,485.1,0.0,1.737,0.8,30.0,16.0,2512.1,30.0,51.3,427.4,0.0,2.042,1.5,30.0,16.0,3357.6,30.0,47.7,448.2,0.0,1.931,1.1,30.0,16.0,2470.4
286,05-14 23:30,4,23,30,29.8,81.0,0.0,0,baseline,287,2530.9,0.0,670.9,112.0,492.0,3805.8,779.1195,559.6165,6435.013,386.1557,19424.6,725.0,6.5,0,0,0,30.0,45.8,478.9,0.0,1.728,0.8,30.0,16.0,2438.8,30.0,51.3,425.7,0.0,2.038,1.5,30.0,16.0,3265.8,30.0,47.8,445.1,0.0,1.925,1.1,30.0,16.0,2394.3
287,05-14 23:45,4,23,45,29.4,83.0,0.0,0,baseline,288,2457.2,0.0,651.3,112.0,492.0,3712.5,780.0476,560.3936,6441.046,386.8286,19424.6,725.0,6.5,0,0,0,30.0,45.9,473.3,0.0,1.72,0.8,30.0,16.0,2368.8,30.0,51.5,424.5,0.0,2.034,1.5,30.0,16.0,3173.2,30.0,47.9,442.4,0.0,1.92,1.1,30.0,16.0,2320.9
